Temperature;Humidity;Soil_Moisture;Irrigation_Action
26.23620357;67.08920959;55.37798679;0
43.52142919;75.7676978;22.06704535;1
36.95981825;37.53275292;71.06761943;0
32.95975453;63.74118697;52.91813673;0
19.68055921;60.02221882;21.00427185;1
19.67983561;78.29812638;77.36366402;0
16.74250837;83.42609423;46.28558243;0
40.98528437;20.850974;15.10289163;1
33.03345035;67.18139433;53.87830331;0
36.24217733;23.62850594;27.72392349;1
15.61753483;58.42010656;66.25854163;0
44.09729556;40.13429103;67.24754515;0
39.97327922;41.47436197;78.52631491;0
21.37017332;44.70709524;45.13086717;0
20.45474902;63.49047143;41.84698158;0
20.5021353;43.3834976;62.74329238;0
24.12726729;71.28893354;19.27294594;1
30.74269295;48.31691699;48.28408597;0
27.95835056;24.78472402;48.23733201;0
23.73687421;74.86318897;16.2631186;1
33.35558684;40.00308272;39.25888599;1
19.18481582;50.29368157;69.7299359;0
23.76433946;67.98107183;69.93075354;0
25.9908553;43.271931;16.94663654;1
28.68209953;23.96099593;16.35046179;1
38.55527884;46.17447329;28.38868339;1
20.99021346;86.11140079;71.23362438;0
30.42703315;64.92140781;19.02318096;1
32.77243707;67.00354041;60.39977618;0
16.39351238;64.25975075;17.08159337;1
33.22634556;33.92944973;53.61964976;0
20.11572371;49.28337049;34.92471094;1
16.95154779;72.56578589;65.22397741;0
43.46656612;27.09610283;26.35833142;1
43.96896099;39.44969433;54.74412806;0
39.25192044;39.34233759;26.49777742;1
24.13841308;50.24132493;59.95621982;0
17.93016342;88.62581187;71.15746242;0
35.5269908;24.72517827;18.87612594;1
28.20457481;56.30906961;70.6616982;0
18.66114705;32.55552774;51.55026781;0
29.8553073;87.94735818;18.89773436;1
16.03165563;27.93124533;39.92792988;0
42.27961206;48.25207017;21.26022054;1
22.76339945;71.65194894;59.02435222;0
34.87566853;69.31880996;63.12076941;0
24.35133228;49.59100458;17.40575642;1
30.60204064;44.25669176;45.42978969;0
31.40130838;47.8328665;67.02375392;0
20.54563367;38.49933842;75.53141291;0
44.08753883;34.37330571;45.94625067;1
38.2539847;53.81277883;76.51954565;0
43.18496825;38.79736292;47.49822793;1
41.84482051;40.12231654;37.59333462;1
32.93699936;65.97292444;69.374219;0
42.65622705;87.79761322;44.50878973;1
17.65477506;62.25460404;43.03317574;0
20.87948587;25.38856269;44.32187426;0
16.35681867;25.29085297;69.27495013;0
24.75990992;86.59962546;68.23590792;0
26.66031869;40.81035532;38.24639947;0
23.14047095;26.44468903;33.33099019;1
39.86212527;61.9331211;44.43496168;1
25.7025998;63.65541448;50.09407568;0
23.42803529;65.39533741;26.68360474;1
31.28088249;38.71814195;65.57685593;0
19.22772675;21.0577479;44.0537936;0
39.06590942;87.55107586;33.38318839;1
17.23651931;37.5625132;17.47746951;1
44.6066081;67.32184016;26.71916123;1
38.16734308;69.46409089;76.44968202;0
20.96147045;62.7005192;31.35697808;1
15.16566351;41.90351759;21.82015026;1
39.46384285;38.97673776;42.24709542;1
36.20572032;61.83677979;31.49614204;1
36.87021504;80.62669435;12.46114752;1
38.1381104;86.27136102;32.62016521;1
17.22133955;27.41340631;48.08760368;0
25.75397186;30.83800288;48.61986604;0
18.47607179;86.13153811;34.95912448;1
40.89310278;71.55746598;41.31119294;1
33.6989438;81.80956774;77.58625428;0
24.92694075;34.18428439;36.41439341;0
16.90675051;61.13101098;28.07587693;1
24.32946965;69.07977161;27.04269308;1
24.75549966;67.60783198;42.04352289;0
36.88818535;48.57061836;63.16641041;0
34.12672414;21.07764242;24.41917289;1
41.61638228;60.80482398;59.6507289;0
29.16644775;37.71710774;11.48048763;1
18.58782738;51.51779723;39.32530846;0
36.39734362;87.03067106;64.31055456;0
37.82355146;47.93247223;33.7113069;1
31.83831593;78.78611247;49.4615971;0
38.1290154;33.1978424;24.3485463;1
29.81386789;67.07223486;61.93967738;0
30.68198488;88.39048681;13.65953723;1
27.82623055;27.13251706;69.67798514;0
15.7625738;20.58239596;23.87374705;1
18.23674281;50.35079548;71.20786222;0
15.94287557;26.48378381;34.67704689;1
34.09231234;72.38690448;60.58785021;0
24.43067943;84.01840647;32.34577085;1
30.25712073;50.38146809;73.41381699;0
42.22699422;38.10981495;18.86459879;1
22.47876687;50.40823233;22.49638525;1
27.31148769;70.64134725;44.51210876;0
37.66653416;20.63379131;15.73569073;1
21.86394496;61.26177926;23.71861293;1
17.30939729;62.93041794;76.06364675;0
23.69254359;64.63817728;78.35427628;0
19.83663862;36.9415456;36.33815305;0
42.89092957;69.98369064;74.63002147;0
39.24361139;26.39740404;48.1377273;1
34.0021127;33.94892355;28.88197261;1
41.14381771;81.42290327;59.16791048;0
39.11016231;71.71062055;56.12312646;0
20.59710177;20.96218878;79.23877234;0
41.77676995;37.38633823;28.55331012;1
31.18026726;35.00845381;57.04416519;0
39.22320465;38.95644296;13.64166285;1
41.882739;37.32918392;17.95522271;1
24.54010425;24.3768407;10.27428625;1
18.30155774;52.12583616;79.96224767;0
21.83805488;71.29134324;66.1591588;0
27.81323366;62.47122073;65.07061103;0
39.54044298;67.1010168;45.68082527;1
40.8219175;25.6804425;31.0046958;1
15.20856392;86.60434971;20.58849991;1
30.32241908;78.69442837;29.92723172;1
27.52233009;76.35632229;36.31798554;0
21.66323431;77.60886635;62.94170679;0
18.59596102;85.28973557;47.77632522;0
25.12845514;58.09777763;15.42385386;1
43.28729112;34.01974125;11.26203063;1
24.69608796;63.17485255;17.16325257;1
30.56371865;72.00170456;38.73490996;0
36.09056877;71.65421753;75.32350419;0
25.90888807;56.50143169;54.61817368;0
44.15346248;24.79211035;66.12781299;0
43.87341885;45.97790569;42.64622162;1
22.55346887;84.45366259;35.31662582;0
29.91745518;60.91142368;17.58802609;1
24.02634929;57.68323603;71.31531155;0
23.54521483;38.81974601;64.82120203;0
16.10660842;45.79142439;21.76826683;1
33.28693002;82.67422624;45.85823947;1
30.0803707;66.65241333;44.11623655;0
16.54436254;75.11709187;53.75640869;0
23.35939393;51.80417961;76.23308258;0
42.24797658;64.11730536;50.58400092;0
22.18685672;37.38685261;47.81520867;0
19.34684616;69.38225812;13.52260531;1
29.68358281;49.93209336;14.40352332;1
44.56951362;50.97818604;23.11427539;1
22.26165815;65.45256272;12.27295402;1
35.16406642;85.5396435;62.03470269;0
37.84858846;24.48044426;60.63312128;0
22.12912632;77.73202661;19.52393641;1
36.84649046;40.46681773;68.52552306;0
26.03349398;51.07436182;20.83502244;1
33.96917492;21.53393301;31.08229109;1
34.00589132;41.07322545;27.42838294;1
31.07324052;55.18418698;36.0614969;0
17.7086931;23.93232541;27.82646361;1
40.05907487;54.37670106;44.22656485;1
24.62340195;84.89774402;38.51855169;0
20.59555531;27.37752527;79.05986435;0
16.22325425;73.51085097;13.91484451;1
32.7267883;48.67697374;19.95269635;1
35.32693086;65.86216002;13.69781257;1
15.49763487;38.21656186;53.80888365;0
30.36279175;31.16445838;13.81564942;1
21.79487326;31.232383;68.55078162;0
34.35518371;24.9344362;45.83570415;1
20.23099287;32.99526934;46.89053372;0
35.72813214;66.49535695;49.31161554;1
26.60206039;81.71834283;21.95695944;1
43.10189966;76.98879799;23.83832122;1
19.12562832;67.95940169;32.3172126;1
25.23199053;27.73023044;51.54474911;0
18.40420564;40.24312124;24.70824432;1
42.74080855;41.68648127;18.1432209;1
41.3201806;37.49698625;77.90818205;0
22.73824883;56.05039618;11.53872704;1
34.79952138;57.48876704;66.18881837;0
39.51666601;44.98201826;65.16246047;0
31.65602435;44.76524111;30.80498797;1
30.88951735;77.99889185;19.49386312;1
22.25556873;75.25049938;20.19400527;1
17.79308303;41.54570822;58.82021321;0
41.91647274;83.96519107;54.99646138;0
42.01254171;86.69705119;64.7921972;0
33.99304372;42.87197794;75.62368207;0
25.17089373;44.80974642;58.43491543;0
25.47628724;55.39439074;20.90960756;1
36.77867037;85.87845688;27.04098317;1
41.9133078;81.34236032;68.95356116;0
41.61259273;27.17975738;24.65142531;1
38.39626638;47.49115203;15.07656219;1
34.26094938;58.73598328;59.22960378;0
17.52419895;55.21927308;38.17684488;0
19.84886142;33.57041476;74.40280368;0
41.95662566;80.11717398;55.51785498;0
33.19287179;67.38585481;16.32932845;1
15.27591155;78.65358624;76.34995971;0
18.04414629;80.11349955;28.09900845;1
34.90505307;72.38490976;33.60487433;1
15.15184752;50.74474209;38.15822896;0
19.82424154;62.73827285;13.58570075;1
31.46201368;31.22557843;44.75607956;0
35.75685593;67.15517922;18.63229438;1
34.55883779;32.5477279;38.06792287;1
21.72807928;68.57647134;34.54968516;1
36.36537664;36.07187125;64.09880584;0
22.11747262;28.22859101;66.22193581;0
24.76199094;31.56991431;20.73890177;1
37.39474215;20.13944947;35.65858312;1
34.48898697;70.31177325;36.13472127;1
40.47670231;71.26807343;20.59873108;1
34.72838677;56.04533449;65.89174535;0
32.0492581;31.29539607;59.50598298;0
17.81024303;25.84880363;23.32672504;1
26.03147409;21.33902765;35.6705336;0
22.95607103;31.60237239;17.40635174;1
22.3196893;82.35988745;53.9744618;0
44.19031664;36.90757892;18.49603472;1
26.79293174;44.79899291;79.0153918;0
41.76139666;27.37418391;64.64774523;0
33.93415878;35.56529133;37.31669847;1
38.84433911;56.34571995;50.49947526;0
30.07911279;62.54268782;73.79392714;0
32.30711654;37.17466199;48.78694963;1
29.77553081;24.04125115;22.21489405;1
20.85728963;47.37230084;36.50923489;0
36.67356346;36.39423596;69.02014055;0
23.42317087;35.36877463;55.09491112;0
15.72947899;87.19039619;55.5507069;0
34.36416888;63.14103401;70.677504;0
20.31332038;58.98149102;72.57811402;0
43.21375753;49.10425725;74.38548002;0
43.61785731;50.02610334;16.63944353;1
42.44593171;57.86335027;48.08882014;1
26.10476101;68.75008649;61.83566649;0
15.4636985;69.15022673;62.98487916;0
42.84955688;32.01857354;52.47013414;0
27.84552445;55.00789265;21.67511346;1
43.99964457;48.83706665;65.81943878;0
43.90859931;80.93688764;60.40779335;0
40.59028366;64.19932449;16.02950401;1
23.83346676;57.27528465;42.46668773;0
26.55293186;28.07762495;22.17841797;1
40.53410015;62.39465225;33.6233932;1
24.50766015;28.2042734;11.26567645;1
20.0847824;43.60446029;38.02309079;0
31.70403787;29.99893754;48.49138448;0
43.08464322;68.44515529;53.3707815;0
35.8808939;34.43764797;56.44432416;0
32.1018351;47.43015612;68.54039192;0
17.91529481;82.69723443;25.08240351;1
33.4502168;34.30214684;18.43372757;1
44.7016155;55.54635448;69.60760203;0
19.20252046;49.34901628;20.96289704;1
30.54988957;21.26868287;78.23320569;0
41.32119216;75.49306795;68.97767606;0
37.22305853;24.83321344;45.06136241;1
35.91047223;53.19785147;78.69949974;0
36.07452252;59.24748065;16.81637104;1
25.78473454;63.98985196;31.21460328;1
23.80775533;68.20421405;54.67570905;0
39.28083466;37.72906685;34.50048079;1
39.30340184;20.69851437;74.98607864;0
41.01216956;70.64105636;14.59382617;1
42.39721658;57.49596195;48.45882824;1
30.34027197;78.52823922;51.36063872;0
30.04548884;77.4971854;55.69096866;0
38.94885537;79.03283175;27.89663563;1
34.49891792;53.9566262;35.51964993;1
36.05900632;43.35398771;69.05763708;0
38.87378008;75.40907418;23.64599383;1
41.70016025;51.59058791;67.8807493;0
25.13985471;32.84095375;49.3858796;0
26.26748858;79.84818137;63.35312578;0
17.8194582;81.77919137;59.95251564;0
32.34840423;52.64168293;24.52580468;1
16.07826821;25.29898091;49.81689155;0
28.96794054;47.14782629;70.7406207;0
31.27933904;76.24763616;40.24813658;0
23.59623756;83.124182;77.66135392;0
32.72499782;34.24309197;41.65505701;1
15.9150075;24.68815284;19.99499457;1
16.12044566;81.41453172;37.26042761;0
39.67801682;47.25834573;76.61916845;0
25.80571924;57.9232675;32.38045945;1
18.81181538;87.76460684;70.76687119;0
30.6672978;24.65953095;71.68754772;0
38.09980659;65.38226052;34.5130567;1
21.47463082;25.18737958;15.82803606;1
33.68671427;46.28282499;60.71905364;0
17.56042395;76.26701816;31.80586093;1
16.55045164;50.34305629;64.804653;0
30.94063895;89.80276477;40.98583938;0
31.21905365;59.13414995;43.96867196;0
34.12289704;42.48135068;64.45365847;0
36.78274001;35.40779281;36.76543317;1
44.27556238;44.5364374;41.01891417;1
30.48901045;46.07732916;36.33333281;0
24.68869419;24.80995744;35.71383607;0
38.85558584;45.87019396;46.81626038;1
23.12496754;52.49669638;66.61596112;0
28.16914262;70.59164266;35.32378183;0
17.35369144;65.97106393;46.69783044;0
15.7605223;69.61359587;56.95091278;0
43.87945244;20.58545773;28.86076124;1
40.07940362;35.23671797;29.42659634;1
35.87922618;66.31790019;75.33891889;0
27.26858833;53.87925577;60.64742013;0
20.1988296;20.3719433;50.40306734;0
19.69311128;76.31462497;55.34040381;0
22.50728694;74.09667013;12.05096102;1
31.47679994;58.38934141;53.26720759;0
36.43787768;24.6524328;45.66562113;1
34.8059213;73.65605347;48.20247758;1
23.39801691;60.85995114;35.15966788;0
43.64595842;74.7371984;15.70317284;1
37.1369075;72.62228947;23.53374635;1
31.63062158;76.21014504;76.55212992;0
33.35162239;56.26056465;38.60896936;1
27.58800187;29.82271627;42.66782091;0
22.43192969;66.98102314;13.68968529;1
25.67918036;63.43316495;12.62963607;1
37.73538331;71.9577231;60.20270129;0
15.43180466;31.89167042;47.66662649;0
18.48217922;33.64826399;45.6094189;0
16.38007926;82.32866621;27.01871713;1
16.22186407;72.49844589;62.13255121;0
40.66381752;83.57599421;21.77656054;1
36.10973578;73.11007248;23.29543206;1
29.22521487;61.80087142;42.24985199;0
17.93502482;65.78929159;30.03959035;1
29.74847625;82.23895468;27.32240869;1
29.20415312;60.51647282;55.16663512;0
20.1960561;64.2673927;55.56802217;0
28.01554948;30.95337012;67.71619489;0
26.95514203;53.17448541;39.23959969;0
33.47550294;70.14779784;15.11595637;1
34.05280953;38.96598888;29.15664694;1
16.35912029;34.15779264;78.60038242;0
26.23837844;41.96787658;51.73810027;0
33.77579747;36.90504396;59.68159594;0
30.09408776;35.04388459;10.51504807;1
40.69469524;49.739559;46.27440125;1
34.76080895;83.54869597;12.62700603;1
19.88803281;55.49417527;49.84611485;0
17.11706242;33.15442666;74.45395947;0
34.27257835;25.38801686;77.78933914;0
15.79533932;68.73093016;47.83868728;0
32.57326744;46.79591351;42.07433637;1
43.20690724;77.52816626;76.1511966;0
32.26422534;66.1657538;57.15268824;0
26.64509779;75.73690154;14.54294957;1
34.29864655;39.03622276;42.60079044;1
28.74758671;68.46512457;26.81715129;1
31.36850368;38.48433893;42.8863025;0
43.24394426;85.73479356;41.88259004;1
26.58307913;64.54619971;50.7501362;0
43.83571691;42.71582601;34.97393432;1
42.16051926;38.86583036;21.49893146;1
20.87373404;33.36486096;45.26036042;0
17.08083903;68.62486712;68.1142019;0
18.02334004;35.31009291;56.48085596;0
15.54665477;61.67122861;33.68575061;1
17.83328882;38.52445188;75.48661159;0
35.4902032;66.33782614;73.85452999;0
17.13565945;77.045781;24.65438796;1
24.56926891;74.46176702;12.75923096;1
40.34625933;73.25959317;61.89160958;0
15.69815807;33.1405684;67.93271829;0
39.43405448;26.18694629;77.75051962;0
23.45564324;68.92641799;72.28854759;0
18.54494483;45.78430497;52.03743377;0
35.90211496;50.26423585;47.10366374;1
33.8682854;22.1804365;11.94887359;1
41.32416041;38.17035145;27.26595128;1
37.05213131;22.35734827;42.17303262;1
39.10442791;81.54300408;53.99527301;0
23.46103718;37.03776783;49.00762833;0
20.32318631;59.01360187;61.98451928;0
37.51844255;22.72855245;29.58368516;1
39.20504218;66.67931739;49.54668254;1
44.71515426;42.6119142;16.16995704;1
27.37853031;82.85434309;38.95658665;0
26.16054257;82.16827323;62.51125831;0
38.29238882;42.77034329;58.53805974;0
25.22410621;83.0672627;79.3449916;0
42.92271977;89.73103714;29.45237882;1
40.75238256;77.77909649;44.87325094;1
27.86982082;79.14099434;33.06712896;1
37.52613203;37.43061153;40.84221798;1
37.63628622;60.36916792;69.98650909;0
18.09371607;24.70791398;57.89463526;0
42.0765872;26.64425558;71.77088339;0
30.15757117;89.92248284;24.24577758;1
39.79372398;42.86474746;71.13527825;0
24.60148803;72.37287384;14.18335919;1
41.86569685;76.46655371;72.20194963;0
26.67605036;80.06162897;33.03516456;1
15.32512954;89.83398082;32.02113434;1
42.16145929;36.90475397;45.84620037;1
17.7386003;22.82455788;75.84831314;0
24.57940913;48.78340626;13.34469553;1
43.50185901;29.10564689;34.65616825;1
43.51821441;21.56981224;69.96003921;0
32.20313664;45.2298779;37.72381342;1
33.95511637;74.86167758;23.94098283;1
28.45336566;59.63264839;39.73559269;0
23.79632315;41.89445924;36.9886751;0
24.85993636;65.80394038;74.0791341;0
35.17555368;36.24127262;63.3354063;0
37.57123588;21.00670123;45.3580889;1
38.74737131;73.50473705;79.18593967;0
38.68854428;63.66201594;42.56942719;1
17.73618309;73.36118372;14.07664816;1
29.83260914;22.72566117;28.35920253;1
16.7267628;78.59837395;40.52493362;0
31.48586647;63.366834;20.98318369;1
28.24591504;59.43767455;76.32955884;0
41.63112548;63.72298337;63.67942285;0
25.52745038;80.51032728;28.78010403;1
18.51201049;61.08555546;51.35631735;0
19.28975046;60.66652659;60.501441;0
37.84531895;89.34754099;75.88952502;0
33.5465419;72.97111169;71.71447444;0
18.03368028;50.96056638;46.06345583;0
17.52320418;69.51779;64.22568339;0
36.02907394;47.24613302;49.35013277;1
17.18289019;36.02128237;48.6892723;0
39.65580178;61.77963138;18.03193708;1
36.18726681;84.97274687;18.82963606;1
17.44046342;85.0397664;47.06735305;0
17.54513142;43.93336947;28.82030815;1
44.59918736;56.93742264;11.47258317;1
26.22812387;34.8145129;60.59874427;0
26.11926441;89.69417766;12.27406177;1
39.38398702;88.67825355;51.66937888;0
43.41745732;65.46562508;47.74356559;1
44.58003191;76.30898418;77.81702834;0
37.60134556;70.05701129;43.89491975;1
26.28778757;61.52107533;14.45210055;1
17.5050215;23.73435979;48.61815775;0
38.31440748;51.83350398;68.87673194;0
31.75212749;67.23504115;79.7794499;0
27.72666028;67.42721297;40.12402216;0
42.19063155;46.11858329;32.42091197;1
18.33592447;85.91843907;73.46573079;0
29.77875313;31.71499226;23.38694904;1
15.34060934;55.02516124;53.08002405;0
29.05981926;68.36187836;38.40000969;0
16.68909827;68.79950641;12.87576555;1
18.56453749;65.40472697;34.3101932;1
18.5257874;39.27017494;28.56599658;1
34.47630906;30.93445981;58.02638078;0
37.38134638;64.51582288;76.41533484;0
32.50106295;61.95114813;28.76330312;1
43.86517645;32.55492072;66.80261574;0
26.24611739;69.35974019;13.87518719;1
23.57136259;51.86203942;47.6684707;0
41.05797385;66.74324141;14.93850446;1
21.70787516;78.61569558;75.38230938;0
43.89667618;31.88099;63.64458964;0
15.36463424;21.34014076;56.05649378;0
44.0963648;74.53718105;67.67274671;0
16.29479736;62.67881976;55.32638569;0
41.73429341;68.97476987;77.8261078;0
30.83103327;78.67084825;59.97705635;0
44.78894388;76.19676544;74.72610267;0
17.21389694;87.26441029;46.19923244;0
31.61562853;57.51545552;18.19450891;1
44.07907607;54.19469429;46.9724405;1
30.69293533;48.13210399;18.88109796;1
33.88195914;30.758373;51.47454354;0
35.87246067;60.0825063;43.77451424;1
28.63623194;39.3908767;53.58027785;0
33.8267424;84.49152585;10.70328867;1
32.52942936;60.8233563;23.63883442;1
42.03474031;61.49881264;44.39313023;1
16.36339141;44.84472626;76.53524931;0
23.42889569;23.63925464;36.85263282;0
43.51234452;22.22206358;39.70604182;1
41.70791352;49.63346009;60.02872623;0
28.66970258;25.91957647;52.26549301;0
33.60397793;62.47928689;30.92483051;1
23.32143549;81.66811039;38.75714769;0
20.64363479;81.80403716;25.23898592;1
28.91095215;66.13317871;77.62150214;0
25.60056684;34.7862282;19.14440671;1
32.50968336;80.4097782;36.02857492;1
17.33203911;82.02654047;11.80872806;1
44.23184423;33.76575095;25.52456444;1
44.58632233;71.619826;64.63297969;0
35.94485142;40.05636842;24.08226626;1
31.08289099;76.18482186;15.60443818;1
24.28582849;89.80665299;43.21172259;0
39.41385059;22.10182037;10.69784643;1
35.54193518;82.81561061;15.93363081;1
19.87850818;63.58413735;66.53381087;0
42.32781553;88.13678334;64.00313414;0
39.67611729;52.55066623;74.05971743;0
43.4939974;79.31715514;69.81608051;0
36.77158525;24.3675848;57.82228943;0
33.40245588;43.46953351;13.66330001;1
27.54729109;24.69115764;64.79940326;0
42.9818545;88.27401934;69.18575676;0
40.98191669;77.18817351;65.9357502;0
16.3565601;79.67831949;45.59353247;0
15.79100923;85.6575662;26.30312871;1
26.29390101;25.95724403;69.1730983;0
39.31659992;46.99183148;60.90139668;0
44.61828388;24.97244223;78.65328221;0
19.51250673;34.75551711;20.89848184;1
32.82392146;36.05560439;25.79652081;1
26.4267257;52.83750477;24.82587049;1
44.09743193;38.79935172;65.47778373;0
40.26356769;27.06846748;23.08351075;1
40.14986114;31.72437624;14.66618809;1
29.06079479;30.30928945;79.89925646;0
27.44458507;88.11537585;11.7372048;1
23.20221216;73.15047548;68.46708421;0
16.6912649;87.74330257;35.57567891;0
40.94167129;50.78183406;68.91308218;0
39.38703027;39.48579372;48.82343438;1
44.9915302;75.8805238;73.11418606;0
44.89910511;42.83777426;74.83350905;0
31.66295117;40.95683616;10.63687269;1
38.06962246;36.27541945;15.27885232;1
43.3429719;29.07752848;27.52511107;1
40.48942172;37.95241427;56.85207915;0
22.42044305;44.87238239;72.17905376;0
28.51632406;67.17959457;42.19593659;0
18.87478245;24.37953896;52.48811814;0
43.62153082;34.73548578;23.1949897;1
33.18523903;76.63165482;66.34767837;0
21.85928417;30.28453465;77.71296779;0
35.15102053;43.98516026;28.8019253;1
33.54384721;80.52612453;44.63781661;1
25.74488154;30.84477178;16.02812774;1
18.40672777;25.79157849;49.13956595;0
35.14719587;53.91765966;45.19484093;1
30.60923103;41.16936579;20.11055389;1
38.16955175;59.43858551;40.94463492;1
30.60490503;76.26634233;33.38732565;1
40.56544501;29.60039417;46.52816127;1
31.55720516;60.64893592;50.99580348;0
31.82813915;55.38561323;10.5946905;1
41.29960808;30.08551502;63.27041881;0
27.10448599;63.67989399;59.91100043;0
19.02045685;39.15482925;35.64004703;0
15.86348029;54.1484023;13.70551549;1
37.65411767;25.7590627;62.84527778;0
33.60928654;52.170884;76.86226123;0
36.12239304;41.45244276;26.81061172;1
21.38892485;77.56668478;32.64672296;1
19.09114427;23.98851089;22.86690226;1
15.43633997;49.30250924;50.38552863;0
25.51762676;52.09019969;20.83889763;1
32.69753061;70.75042534;34.93357604;1
26.76732135;60.20013026;58.79091098;0
28.12424766;66.7048636;49.20811881;0
42.12476083;74.39345;37.0523795;1
25.44766401;80.35420816;39.41747213;0
30.41968467;41.97128477;49.34776178;0
38.50959038;57.66158938;10.41053095;1
26.89628347;78.80756549;15.49569079;1
33.66260101;89.26157917;71.68806474;0
40.87091126;82.26635177;15.45152924;1
43.48561871;46.00270838;59.47625173;0
19.41220443;33.66165621;74.40267149;0
42.79762875;54.25747762;28.9478523;1
29.76348879;71.91490163;35.93440059;0
22.74733165;54.47983495;49.82449841;0
28.77407269;53.82266043;71.71962787;0
44.40097726;78.67612948;75.93339111;0
29.77854282;45.29826453;61.76942737;0
24.86254831;80.18562724;16.06338326;1
34.00202563;48.47633607;56.84079089;0
22.20436856;42.9763174;38.72126053;0
17.27589984;51.77929378;42.94906996;0
18.86639166;73.37128711;13.44038732;1
18.84137517;28.82014195;23.37434975;1
19.55708081;33.74934511;65.33595253;0
19.16481518;86.6011378;41.77711831;0
34.22624234;32.28441392;31.11635691;1
20.45640253;59.74091226;36.88133518;0
25.3700185;60.55201267;69.80796593;0
41.9036523;54.27371234;62.42993122;0
29.21884921;65.1321674;29.0620778;1
35.02673216;36.08787081;18.22512881;1
20.16959614;58.68635874;27.63987552;1
20.76867056;46.05212787;74.45295157;0
16.22605849;66.31670817;50.71121865;0
20.06805189;29.88564804;47.34361461;0
23.35771017;59.96141918;51.74755198;0
20.31031453;32.96892488;35.6219786;0
17.66107601;39.50501442;66.49749142;0
18.61907613;35.30968602;46.63003745;0
28.82336304;32.79864459;18.17235319;1
21.19001155;77.79976661;19.03455874;1
25.92809583;39.99952974;47.58014026;0
30.10251813;84.89866473;75.55991526;0
35.71184486;87.89485677;31.58464852;1
16.1793642;59.9882329;70.86788182;0
38.98231197;30.01007859;63.48669106;0
33.83701168;46.21837704;27.346871;1
17.45277096;75.84125843;12.54385238;1
41.20735872;45.71735101;17.12930856;1
42.62617202;26.09120528;60.99457537;0
16.8323388;58.97494376;23.97688166;1
23.30632944;79.1584596;35.98896444;0
39.18603839;75.7148471;45.11894162;1
37.44779071;32.25861981;60.78277179;0
20.53563058;67.09352301;17.92618563;1
21.2804797;35.43529844;38.44564837;0
26.11416308;35.27452742;43.95510364;0
29.53568956;81.18502413;47.85789448;0
33.54764315;37.47682669;67.2852449;0
26.06740919;38.42731426;22.01747365;1
28.87604148;20.04573735;66.54820163;0
37.42412814;80.94683239;58.50148994;0
16.10049609;75.48163692;48.91095699;0
22.57310833;63.91302546;58.96695093;0
36.40048758;72.51860348;38.84124173;1
41.85620513;30.64339972;19.68783102;1
30.35032326;52.08265162;56.60356682;0
30.96340456;44.58535711;46.72706147;0
18.21516034;26.56435684;54.75623604;0
28.422371;54.02913397;33.65991467;1
30.97851799;84.45177552;73.48066041;0
22.27411511;22.80413833;51.1158908;0
23.07729693;40.40226394;15.9781739;1
26.31852489;34.52786553;41.48627935;0
15.60213593;36.67026576;62.94492383;0
24.66237497;83.59041863;65.58941932;0
21.34344021;52.7648338;44.62179369;0
24.82492057;52.64095891;72.63232996;0
18.59286395;73.24029497;28.7367906;1
41.71581842;30.81445428;38.74190881;1
32.80777361;54.10857479;72.90178374;0
35.37306957;50.09896499;72.73797015;0
38.67513716;61.78374834;57.99989382;0
29.95326597;89.96903923;70.1286383;0
17.60760864;73.86142259;16.21412869;1
31.11319625;47.85059921;70.54964833;0
32.60523354;77.92871366;32.44339346;1
37.36318423;31.94958543;22.48320587;1
27.94978639;22.13245804;26.75588854;1
18.82740908;34.31138607;39.25779556;0
23.51327717;43.82880893;27.58344032;1
25.89246889;55.74065302;32.43973102;1
34.37751724;63.05903984;19.44849403;1
32.12334914;83.74240021;30.73237359;1
25.68290178;55.68978067;50.05986702;0
44.59545746;55.08929512;40.92975957;1
33.17324458;23.51701069;34.27031329;1
22.11680375;22.44380869;62.25164902;0
18.05347418;58.58119733;72.545698;0
19.58577418;50.67250293;62.9752456;0
22.37873185;78.74262765;33.24004915;1
19.8204412;31.24757093;62.11095175;0
20.59701072;21.74801635;20.63861277;1
23.55285506;51.43271376;19.12225917;1
20.20120786;36.62349897;34.19389259;1
41.90296274;23.47300613;66.53916583;0
17.40701237;70.72188008;27.24437731;1
30.73534169;27.81151;14.42773862;1
27.31190481;62.582365;19.21966746;1
44.47135851;39.67348251;70.1121478;0
18.36116707;32.14472352;54.36482993;0
26.93566797;46.5826066;27.72408144;1
44.084113;76.10120434;48.87070777;1
40.96521378;47.44655038;46.93057357;1
39.51216213;72.55387544;55.88051849;0
22.73708481;28.78404078;26.32312881;1
20.12662762;74.09399938;70.5082091;0
35.0592966;36.58533274;31.65579935;1
42.88127967;67.41751909;58.58921578;0
31.70288679;59.60470884;11.12872525;1
32.14838068;85.0401302;36.08599909;1
23.39937281;47.11257626;34.61968726;1
38.084788;24.63156322;48.04391;1
20.61131246;21.34088399;15.09153832;1
24.71037709;77.88009927;65.30919616;0
27.76309316;56.73149464;25.24465612;1
30.22831136;74.26708363;57.39264704;0
22.27229197;36.409792;66.22484863;0
18.44510474;44.15586219;49.33138694;0
33.31860127;22.10727105;61.86182447;0
23.6589166;87.30446272;56.33022186;0
32.43714664;66.75075347;34.8870858;1
19.63088146;85.32435614;66.62009773;0
29.43420306;38.58474852;30.62909589;1
30.97768298;62.80245279;49.98490424;0
16.5547061;67.49499778;62.17784174;0
25.09812835;42.22847902;36.52691369;0
19.03244031;79.36764645;31.19373253;1
16.90124911;86.3013024;42.15422071;0
44.69880697;81.93985824;67.2574446;0
24.67061535;71.73468832;75.09452342;0
39.29623338;39.42252758;48.1558389;1
22.63921964;39.71312295;56.30263437;0
35.44508167;87.43522243;73.22915356;0
37.8068358;20.71991472;16.8982796;1
32.86916222;70.12349813;26.24550045;1
29.14728566;69.43723138;59.62300044;0
27.35522742;63.58826787;67.66211233;0
25.466048;89.30761923;69.99203198;0
42.88587433;41.8315605;39.05750238;1
39.91858223;43.79803047;16.25379316;1
43.95080732;25.52575821;40.64470341;1
18.7289167;50.99586956;26.15142131;1
36.92602426;38.27339684;30.38375185;1
43.1502137;44.03706915;64.05872898;0
20.43699198;78.42002532;15.28689602;1
16.99488802;85.48391595;67.93068522;0
37.23361948;33.00131504;39.93683601;1
32.2341934;46.07562521;51.72447518;0
40.2548633;85.00413935;16.27565619;1
19.1931713;24.32659225;33.61513549;1
38.85801936;26.46523697;16.27906433;1
21.0488196;31.39536924;77.3080606;0
19.90967829;61.66489839;66.50831545;0
19.92797394;30.53305897;42.1742928;0
39.43724161;87.7653467;25.65217838;1
34.95591662;51.27001691;75.34185737;0
30.69196274;55.10625722;34.1217617;1
25.76491452;37.26610311;21.26891022;1
41.31601622;52.96721767;49.42150719;1
26.77335322;66.33395428;76.06418842;0
39.49798318;72.58239959;10.26812034;1
28.17404726;72.77076579;26.66873903;1
26.30833288;60.45237789;75.69133483;0
28.88039357;83.30518425;21.97601768;1
24.04133622;77.21854931;17.92704161;1
37.42828141;72.99336803;49.91310511;1
30.0816117;23.89238652;70.32906763;0
21.96638085;20.48145736;43.39768724;0
41.9872372;34.8713094;79.61949797;0
26.51673664;66.44665157;57.54201897;0
31.30658583;48.78382422;15.1852435;1
42.19416333;48.16843815;79.49824922;0
33.72713988;81.92108218;38.55259657;1
18.50694122;82.68939937;30.11817737;1
43.19496371;83.64226848;49.05154285;1
33.83124159;41.97146536;31.30153143;1
25.04716844;68.37390689;16.0520255;1
19.17816218;39.01432269;10.09998402;1
38.82075568;33.34268832;41.4708347;1
33.60218268;32.92427201;68.58043956;0
31.00383276;43.94753346;50.06206299;0
41.81677749;50.09703338;79.94451093;0
38.65791634;78.16644197;30.0792652;1
19.55024639;28.39237654;29.63185453;1
24.35166203;71.44480932;21.18246222;1
22.45467419;57.20184399;21.48445118;1
37.31838878;40.15617399;29.96306172;1
16.00597304;54.49737092;65.49880317;0
32.09669055;40.99594488;73.40297534;0
37.87376057;61.72573687;78.25610188;0
41.3029691;50.3690746;26.26027579;1
25.26245246;31.50838704;71.69082819;0
39.63771914;28.16081522;32.97785625;1
18.31895211;58.26869775;17.89883812;1
40.39356875;83.16891233;70.90174479;0
18.82465987;44.07703806;54.52739443;0
26.91861872;71.31000751;21.53116273;1
38.91886097;66.10629485;40.08818803;1
19.49752282;85.208844;30.10803864;1
21.87754186;77.46867121;61.57561981;0
36.66757705;59.66236812;41.73913614;1
36.6010961;65.99213488;79.24959616;0
34.23442899;82.88705266;13.83214876;1
35.81845333;47.96631492;34.85106863;1
31.2817333;42.87562941;43.7330117;0
22.55397177;20.75677585;45.21934883;0
25.37087981;77.85857519;32.11550757;1
20.4479315;76.06864903;61.04681744;0
42.25351684;27.31181627;71.23229514;0
32.50175384;60.38001668;75.71035114;0
27.0255425;52.47871887;66.35653638;0
28.86017411;28.30963669;69.54061381;0
43.41850019;88.63977589;48.53817104;1
19.60054209;35.02871212;67.81217585;0
32.58689496;24.70639261;31.24527364;1
30.17666037;61.63931657;37.89351335;0
33.34362706;71.7206674;32.18391097;1
15.54330551;22.27104122;42.71711348;0
41.16371727;66.11023471;29.99057314;1
42.96354847;57.26043132;77.31280096;0
31.95399551;27.22855062;31.89912396;1
35.89952472;32.07667139;16.86311767;1
42.67498144;59.75820081;46.87720162;1
36.21715903;40.74503295;13.99693549;1
19.57617129;85.68210101;17.73802164;1
32.28865081;77.31181606;25.35725724;1
33.20145139;88.84970446;42.50451749;1
27.72392014;38.17695873;40.32756526;0
37.09332707;87.8806543;65.97843034;0
43.03101044;50.18637089;61.76322577;0
42.76705539;44.32631567;39.84228058;1
28.52518114;23.52446689;33.35929453;1
18.39714138;23.69356805;32.15281488;1
44.54523597;68.44078792;64.17965611;0
40.16694259;52.05502961;13.64506844;1
18.73988044;35.85651382;10.89751547;1
42.62525648;62.97792144;65.68810743;0
41.09689086;37.70006828;43.40024632;1
30.56514171;60.4342228;19.1616797;1
32.73826307;45.14461229;26.48961542;1
26.97008112;77.64865586;75.27527672;0
16.64284916;77.44873125;70.16520829;0
25.05591725;53.41452787;59.68495352;0
39.08560346;44.55733765;43.75576612;1
15.13896069;45.37918576;46.42265383;0
25.00497515;76.4000168;78.26711747;0
26.94506081;42.9725638;77.60393107;0
31.12186809;34.63415616;25.06883321;1
42.59566849;25.92818393;66.77731964;0
25.39037983;52.66851846;23.80698663;1
25.40859606;53.74924692;24.94762345;1
37.12503744;78.86360973;57.32651239;0
28.56653823;35.48670875;38.3500769;0
21.73814469;46.66938916;75.2081085;0
28.57318548;76.58840172;16.23068144;1
19.22571061;77.65365275;45.80679486;0
20.2916096;46.92277532;74.29650713;0
29.95103318;52.13868163;73.28795623;0
27.56776349;41.23001236;20.95704494;1
42.44537703;85.27884149;35.66463901;1
25.87181697;28.3050636;53.338498;0
32.41765051;85.36245961;21.15764193;1
33.96792864;67.87065163;77.76155204;0
15.3928337;57.21005069;74.03245301;0
34.90612116;22.28613425;21.68651253;1
20.34107901;53.29173343;18.48088229;1
43.83210952;48.54236735;15.9785938;1
19.45988183;31.28531684;73.66105648;0
27.43872371;65.94867225;23.55366669;1
17.56049004;87.98056352;39.139945;0
44.90622756;59.35321677;41.4195956;1
30.06585031;70.03272935;51.93077309;0
32.86155052;24.79153168;15.02147406;1
17.01229432;49.23668971;25.87310322;1
37.49881411;28.14509396;75.20432708;0
21.29716779;62.89570849;73.58870751;0
41.94162868;85.69375107;64.69034532;0
21.15418921;66.32444127;11.35808719;1
20.72063162;25.37621338;32.89047379;1
16.09649004;44.82663435;53.95711147;0
29.16200835;58.54643656;29.26331482;1
31.945234;48.22454293;73.67106865;0
16.97125918;78.35508073;54.37226233;0
38.2658285;77.02697033;15.03347021;1
28.59866504;62.82817141;73.63039122;0
30.73170808;46.14205616;77.04366607;0
28.22288241;37.87354616;15.43986929;1
27.02289183;27.41120227;47.26521644;0
31.78920994;44.84283784;31.23549975;1
19.65720738;48.9220762;37.49873535;0
20.45784391;67.30760476;22.57558526;1
40.85356863;66.0711877;50.46504714;0
43.38346386;24.90756977;77.05855473;0
26.19927949;47.66815208;45.21508202;0
23.12234019;32.72452071;15.8040207;1
34.3199863;30.97688937;53.40009334;0
27.26202513;77.91115048;33.81560961;1
15.76159067;22.93406517;69.91476327;0
19.68457792;49.34280131;40.42747038;0
36.47916687;31.7742559;23.49877263;1
34.76771826;81.5531151;23.37739359;1
15.81287978;58.99283593;63.81349265;0
21.65916486;36.19664455;28.59113188;1
21.9322439;55.1699101;63.70633759;0
35.15678231;71.20404518;24.41211175;1
15.59131613;87.06826062;32.51804581;1
18.12325746;35.4312203;42.58408807;0
38.99748256;82.03272405;76.02370948;0
20.35633986;85.40128799;75.22119973;0
34.58238324;84.14943812;24.48103128;1
22.14548343;64.47900498;35.07533289;0
17.98324178;64.08744581;20.45795719;1
22.29516573;48.22474432;45.69895555;0
36.66800796;72.66785176;42.24077855;1
40.67089404;57.19058128;73.05321137;0
39.90659594;67.42066499;75.10037645;0
26.91550589;49.99205327;36.84971737;0
35.0425541;71.20475248;44.42165601;1
21.14952886;77.71300623;72.73653744;0
23.79443191;30.25053796;66.46954654;0
41.89007456;78.30508009;10.25594179;1
15.39005771;57.82075723;32.40416949;1
17.56525593;79.12661364;39.52419694;0
21.23658765;50.19111944;26.08013986;1
15.79596612;46.53283398;23.97001311;1
20.44306305;84.05425128;12.64491546;1
32.49124683;37.58184873;55.03588075;0
27.64273652;79.09486277;28.37572033;1
41.78015133;53.88144008;13.66430249;1
39.52330685;55.98668098;26.16855174;1
25.25452055;41.5927797;66.1339767;0
22.782703;60.11295404;69.60424272;0
26.39077225;42.76478374;43.81463716;0
32.70884828;22.748859;39.12494693;1
23.04190922;39.03990237;78.44975855;0
33.72446724;20.44653304;24.03952617;1
27.28234957;88.48483509;25.0751498;1
31.56141543;87.60230469;30.43070239;1
28.08379587;47.66087082;22.09301228;1
23.83397279;70.9859598;36.55559187;0
43.45359921;44.20642689;73.75839589;0
37.90817382;66.976521;53.07434884;0
19.20339527;76.38010301;38.8362584;0
41.05403928;86.27293713;75.40875562;0
29.62293595;48.01485931;13.39249627;1
41.83656681;74.83085881;24.71933245;1
38.99565768;38.61499154;49.61220236;1
27.75640513;89.32326127;53.08868362;0
15.67407925;21.80387191;12.76902546;1
23.06032078;62.24701646;38.21271305;0
31.24902644;66.16541872;55.44077754;0
34.00434659;68.163189;58.86493825;0
22.73663056;28.42713052;54.66979318;0
19.18068222;85.69708484;32.43942571;1
40.0479071;32.68282953;16.54640865;1
44.53206542;63.59273823;39.89787125;1
30.77070547;35.58732554;19.01281062;1
20.15037858;41.50514919;76.3336561;0
23.1692198;58.25209792;43.26196062;0
15.5517203;49.2035393;32.2081422;1
42.4289642;31.21579207;63.64128498;0
18.53253249;31.96554817;44.85640148;0
32.29549427;49.27013517;31.70238168;1
23.22165662;73.00980848;66.83774197;0
31.62534008;82.85752528;70.70065057;0
34.54261165;25.88893636;57.11057164;0
39.89225411;47.51727353;13.28750957;1
21.19263815;27.01718946;49.64260161;0
15.32987486;21.16147364;63.43064384;0
19.1065689;66.32030779;19.55521085;1
42.00055926;62.17146094;26.0069526;1
41.21670233;31.41133797;71.77465735;0
32.92239307;36.36689832;11.40852053;1
33.01550581;21.65954276;62.69089965;0
34.95110024;78.4463044;43.16413048;1
20.26113836;88.22834172;41.27405112;0
42.43235838;29.48216758;10.49675727;1
27.56311575;36.20326496;67.35787617;0
26.49415585;80.78866668;35.18774304;0
30.56753116;84.85246586;47.85359419;0
16.408979;49.3739168;57.41104804;0
19.98850106;23.54357306;59.18407035;0
37.14100849;22.75742836;76.91860412;0
17.48396004;60.17649062;47.19379673;0
33.09456328;47.50265762;37.98036857;1
22.36047329;22.00566993;76.75925385;0
26.67886842;60.82766746;54.94771645;0
23.6608121;20.79117756;30.87052494;1
25.67018149;75.11603707;18.85249718;1
36.57137716;41.45029759;68.9788151;0
23.91365147;22.81806021;35.3527122;0
31.99213921;61.18465547;56.2328805;0
29.28151207;47.83790901;42.95714936;0
34.91013496;88.16602894;23.92508459;1
43.10489218;58.09390638;52.1180626;0
36.97716292;39.26674267;14.24781483;1
21.44821136;69.66072052;38.93397219;0
15.93549405;39.00444018;48.26304578;0
22.86792133;83.2970304;40.52328819;0
32.85233792;46.23053794;62.40705227;0
16.5427744;58.49079939;67.95474682;0
29.89098742;23.54011727;63.98701518;0
32.90528547;49.82848666;12.71690635;1
25.02731672;78.26544778;23.58901393;1
38.12736611;76.39541638;47.56252565;1
18.19794759;35.70229912;75.43754283;0
17.25413345;35.82553497;68.44697425;0
36.84566269;77.21137185;68.97741558;0
29.86473949;85.12788941;31.22457356;1
35.65207189;26.67526449;40.0613528;1
28.04482016;51.50410476;42.94941631;0
22.392061;43.62179953;21.01601083;1
39.57306953;80.94819188;12.17476912;1
38.98247637;25.84674403;76.28320296;0
35.84089413;34.77881598;26.849881;1
23.16435412;72.67278363;26.79642326;1
32.70692001;23.59056943;15.83653376;1
25.82921691;54.47747665;74.99554264;0
17.7474622;50.94749243;50.58159805;0
42.51940726;43.40808253;56.69258;0
19.10455893;47.62006207;73.81038211;0
43.50712061;57.09584109;34.19341182;1
28.38017319;31.29571509;53.50551178;0
20.55398787;60.03971148;12.71596183;1
31.25702842;76.38026305;23.07407698;1
41.18837508;73.21126509;68.18720636;0
36.96674659;30.77299333;63.67378494;0
39.19683444;30.44746288;34.5449884;1
34.763501;38.77220574;36.37674394;1
35.76829694;45.27523084;47.34881035;1
40.47586955;48.5918907;10.01687033;1
22.49004027;67.57880518;26.88710352;1
29.68274891;23.96763025;24.5762266;1
21.63628325;22.4270893;27.53380627;1
44.63004024;47.43373941;66.41340898;0
43.32178019;68.80145845;29.57716996;1
16.18280434;33.54047401;23.40649254;1
36.16725518;64.90531369;45.29844226;1
42.75744952;38.18796966;70.59515255;0
20.41726035;82.02602762;26.89447927;1
32.03835692;82.6982961;15.497537;1
42.46464893;40.8101043;34.94833151;1
16.01837936;36.09956278;62.33562772;0
35.92260802;48.79127804;48.54833813;1
23.92047022;36.83721096;67.17553587;0
42.73188586;67.06686903;77.17145033;0
44.13174735;77.82452792;65.48637337;0
43.32799467;67.11644916;52.26621552;0
29.2264265;77.70453131;44.53391116;0
40.86127953;47.78945135;12.80483604;1
40.33648196;30.94218795;78.90253852;0
24.5730142;71.65656632;36.84367858;0
39.86746422;45.23321536;20.65597497;1
16.11022904;66.98895777;56.66961988;0
32.88809635;38.94507594;29.90018024;1
21.90026512;25.68607444;51.00447897;0
18.61700657;89.48072568;51.07375355;0
17.30859605;30.93410556;41.20108746;0
35.88866328;89.18946958;68.52830309;0
25.19624891;88.40959528;28.54769431;1
36.74300315;75.56726727;41.40428141;1
16.96069022;66.15960735;47.638449;0
24.45871013;60.44649352;56.45373045;0
31.18473877;80.62710818;64.87802954;0
38.72169495;40.26076651;37.6365098;1
24.56257509;52.73768487;55.22328609;0
33.77674129;63.35729786;20.54276671;1
41.57933245;48.78333331;75.28536704;0
33.47589565;49.92405179;36.81411645;1
21.98878424;43.11992673;61.06649954;0
15.73202345;59.49622717;11.42387573;1
41.10296622;79.54021696;24.3631;1
15.63808233;34.10698646;44.0957781;0
41.24105018;85.41031271;71.47767274;0
30.86811402;68.23613576;46.9078605;0
43.17203096;77.62912489;75.09093376;0
38.96349707;58.93334848;43.86578276;1
44.93802332;74.5661691;44.33143677;1
25.52135446;21.13402781;18.3822752;1
38.01564867;77.28662973;66.18593709;0
27.05792741;22.80972014;27.28757887;1
29.39626861;82.29393635;72.97287426;0
33.8251639;89.43739231;73.75769542;0
41.21031343;40.58472235;76.03170783;0
44.52250408;34.72229894;46.41613424;1
38.04820242;73.57543547;57.39656493;0
27.53300347;37.71184386;64.4961116;0
27.64071007;80.58936682;19.17102331;1
37.12746905;27.19898145;52.06700365;0
22.16331437;28.81686375;12.40085309;1
18.31422339;88.54060886;44.82962584;0
25.63866473;67.16872288;20.83898771;1
23.61716975;79.28210571;22.80460482;1
23.88924361;42.70305641;35.55332967;0
22.00823253;67.35386247;40.27060167;0
16.26279569;61.59692791;53.62206972;0
15.53621804;62.22050841;15.20998929;1
44.63167169;67.77727217;45.25842329;1
27.83319401;60.27514212;22.78375912;1
26.52979941;50.03436585;50.17826225;0
35.38941848;39.31458861;54.61832286;0
21.54761664;73.80069316;48.96964796;0
43.49883552;35.8390701;61.68068573;0
38.59035043;68.46480143;33.4926471;1
17.68233007;36.33329759;63.55746141;0
27.52742327;63.7731119;40.29369572;0
41.37354923;72.2954787;43.89291488;1
43.34196067;35.30997222;55.36714891;0
29.02204534;24.19603106;11.28508688;1
33.40234168;29.16816201;55.7795955;0
20.01101838;62.41978771;53.30096044;0
44.73505878;79.46124844;31.68929817;1
21.95015104;23.14977749;16.00559994;1
43.28195322;71.39058813;16.36548149;1
34.48939947;43.89230522;74.62566229;0
33.23210385;53.49698589;58.24955249;0
30.38065533;85.02016849;18.89718296;1
21.92009435;43.23800533;34.97062185;1
20.29584096;52.57358538;51.47380957;0
21.61458627;20.95776903;68.49001936;0
20.59314786;25.7119104;13.05626501;1
38.38753421;38.10141138;26.5643192;1
25.50375778;21.94965686;72.28242932;0
16.7352803;64.19627282;10.64158851;1
44.0730789;49.84788498;24.0979372;1
41.51357655;58.37016419;77.13169232;0
42.8325685;32.22530301;52.93812926;0
44.84723468;40.71524206;28.31699566;1
20.21685748;66.46771324;14.68937661;1
26.88726057;87.57119065;11.97339383;1
37.74715427;23.52917415;27.13215557;1
35.88061854;82.32690246;71.70400737;0
19.61687719;60.38168409;39.1139558;0
39.47499375;59.47436967;60.42333584;0
21.73321716;55.01949746;74.27995248;0
21.71452844;24.85758601;38.56283231;0
31.10923269;26.29137962;23.38941597;1
32.78819805;62.0638404;46.19825516;1
32.40258624;43.8671;73.56585809;0
17.74460512;84.20876466;66.30620899;0
41.32382588;48.46133762;14.60808904;1
22.96800128;30.02970211;58.48009601;0
18.88544764;70.03031835;50.03282657;0
41.6624424;40.5347395;73.52242234;0
43.66954495;56.78292151;18.57369918;1
40.86382852;68.84829499;47.38252792;1
39.28548224;83.01848778;71.56238855;0
34.65725942;75.45338364;38.70166507;1
31.52572112;67.34527475;43.73964424;0
17.6096028;67.57432277;14.93224744;1
27.25359639;86.21472508;29.47005483;1
26.18065551;40.70768682;32.71546544;1
22.79261351;20.07784659;76.15857141;0
36.70260341;39.03681916;29.78671524;1
29.87627205;35.25239657;42.26081147;0
17.43138648;66.32842096;56.99130965;0
21.60549606;64.35981198;21.35283607;1
35.49776291;61.54229679;44.0509671;1
17.28392578;21.13704102;61.69773276;0
40.53620742;71.01446381;70.67986491;0
29.85439581;42.64712887;53.83814923;0
29.41759732;66.55391923;56.83374607;0
32.77223354;58.96049;18.83984308;1
39.74042898;43.99116478;76.20435481;0
25.43427624;29.4203387;19.28018542;1
35.34048458;26.60932284;64.2271056;0
31.97195892;78.20628332;28.53714252;1
23.01084811;84.28782795;75.35152006;0
41.35889959;65.48516327;60.39716776;0
38.92278065;27.24038804;62.76695991;0
34.75355504;48.14190518;25.33414211;1
40.51745187;71.02574401;41.01279836;1
41.01882603;74.58746188;53.24692362;0
36.2508893;28.27530356;63.89815327;0
40.11039985;20.00215032;17.27715631;1
35.92414385;69.84959321;77.36557215;0
35.40422315;44.96173232;72.31544694;0
33.55834135;37.81369321;28.92440133;1
37.58149919;20.90282289;67.59321701;0
19.75815316;57.82095847;46.28267461;0
41.42612278;79.58055148;42.32645371;1
41.15530583;87.03421524;32.01038741;1
15.87741849;59.60214654;50.66780106;0
39.77450252;56.01229294;61.09223824;0
18.86609602;25.95394698;38.76530335;0
25.05356563;58.42109611;54.04534351;0
37.30524769;46.59853553;58.95190448;0
19.82279688;62.49946966;59.77852719;0
39.53901072;47.21084435;13.63762687;1
39.96402534;36.82093864;70.1823464;0
30.22403201;26.64756927;42.07773203;0
15.19157615;42.04429112;28.36912572;1
23.611144;26.7651384;26.92351552;1
33.50780755;32.38278656;43.8109879;1
44.43558534;89.1135311;72.07820776;0
33.95440581;51.08724898;36.48433072;1
22.79410743;57.23102366;62.48080227;0
34.02017109;81.15329701;16.77731117;1
31.19956139;89.68982303;43.32396915;0
38.39536185;60.79001145;79.41802983;0
18.20941916;76.87316747;63.9306462;0
37.83083708;42.8858717;24.73699419;1
31.23799736;41.40207702;45.10090316;0
43.88976012;48.18926047;26.35373346;1
25.25616498;67.07550839;38.66926491;0
33.97865679;67.75341825;64.60588166;0
42.96084317;42.06676043;63.98573707;0
18.07529184;29.32469469;25.96702645;1
43.11685462;64.26773795;74.55563227;0
35.63657167;28.98281035;51.47977279;0
17.03511177;60.49447558;36.59470037;0
24.02890701;68.53954896;45.13549065;0
36.24516266;69.04280475;52.35498774;0
17.02051804;72.74304775;49.19233723;0
32.46511381;81.10015951;44.04835249;1
25.37649171;54.99712944;45.34529629;0
33.62746553;71.11744327;22.34883373;1
16.37226101;63.34209148;66.8913033;0
41.14610418;33.06479579;47.9232224;1
44.20466908;21.79827514;19.17559032;1
44.06633566;39.917897;63.63099711;0
37.48955495;51.01235944;75.27107849;0
18.9025872;63.19741611;76.31148295;0
37.74789588;79.49715314;35.83124127;1
15.73760749;33.73720017;19.48618115;1
15.66370655;28.78848529;46.28797386;0
24.70830657;87.44359632;17.88264605;1
29.65929571;27.56311916;75.3791193;0
38.11222253;53.49437491;22.85057391;1
35.4988613;60.98946102;27.6936102;1
28.37708119;57.89620946;38.46455688;0
23.20879999;26.02225099;36.8215128;0
44.913735;23.99188398;65.62640247;0
27.78543907;27.38383992;41.94217744;0
28.54161073;60.99113787;21.9537782;1
19.90871464;58.10414213;28.70469268;1
38.84428646;36.36185544;45.63793696;1
35.81046677;64.64418993;20.32177422;1
21.62308838;77.40472514;52.8158973;0
17.47143137;22.91052719;49.60231146;0
35.41497906;54.86909605;60.02916215;0
34.63533643;68.25172885;75.63932308;0
23.19778581;37.66183489;73.85781928;0
43.52590687;41.54396337;76.22529326;0
19.53173675;62.95465321;27.13009179;1
27.97004403;82.85547054;19.20957146;1
43.30847761;76.69470942;31.15936903;1
27.59181951;60.81911534;72.65596209;0
34.15577843;71.11552024;78.04374322;0
26.92783194;45.53757291;70.15274657;0
23.22645607;64.86758697;17.70124048;1
44.51932944;52.63271138;76.31995986;0
27.28002019;33.29552955;39.63506191;0
41.82297611;69.12167917;10.65172035;1
21.89863818;58.95252461;40.96756185;0
21.39314112;45.10351074;13.22484188;1
15.93402249;83.79374331;48.07145448;0
34.55000476;21.46538825;33.69878192;1
26.05579031;42.10412059;43.14044535;0
40.9307475;23.98169784;52.92192525;0
29.1962972;73.65691214;70.81607671;0
44.04580284;69.14752179;56.33311035;0
20.56576547;43.19465531;40.38342079;0
41.05869504;67.29640315;67.35994976;0
38.29790558;47.71560583;73.39074963;0
38.12765534;72.9377654;18.38319765;1
40.34349684;51.79285639;47.23530843;1
37.83071973;48.85958095;29.91583718;1
33.78660965;85.43109408;13.29428385;1
18.93734633;37.56153699;56.79826866;0
15.97578538;28.4313138;70.39395442;0
42.62543543;60.91801793;21.40318581;1
33.49950944;87.85252686;66.86895603;0
38.89611873;46.44874496;69.73770135;0
29.44567055;24.34257345;74.00383099;0
18.51924567;43.75136871;28.56995624;1
18.75557377;55.4152158;73.27671456;0
35.56695862;31.33461046;32.44639283;1
27.90917685;66.06715526;48.66366094;0
21.0157418;89.84245723;13.53552296;1
29.7478364;51.62176332;13.07167619;1
16.92626811;44.83099897;60.42612489;0
32.45914206;48.04929168;41.11359846;1
23.06980213;28.06023249;27.94046628;1
38.92677302;81.8291521;23.32894472;1
24.31085877;49.03779589;56.89674436;0
28.65660447;47.1092088;10.02810808;1
15.3486162;66.17831911;66.41238184;0
17.17340663;50.94233947;15.54747243;1
26.77480669;65.37634282;23.40427304;1
29.39816504;24.30124031;37.03654767;0
33.00061644;76.96063406;43.94011178;1
23.74987736;85.8352767;34.84965811;1
35.84945658;65.41357703;32.44985155;1
40.80367192;86.81961502;77.47412085;0
38.39552967;30.60026201;54.91057769;0
16.18856476;53.41913326;11.64030688;1
29.41520842;62.12647138;40.11231359;0
18.14790535;60.72156532;71.25060898;0
22.26135048;48.10232454;31.10193305;1
44.5998778;43.66590866;16.61894413;1
19.27486629;28.87768158;63.08693401;0
29.9666446;47.42197154;52.42096824;0
33.54467203;31.38625706;49.92187555;1
36.07394912;71.40559735;13.75035917;1
31.7894605;34.61816548;19.83493069;1
15.29312542;24.09957137;53.57845773;0
24.79383925;58.66562965;24.5476689;1
30.5313493;61.66608129;45.28490558;0
17.63599497;81.03391429;48.14171802;0
25.51880794;60.38871287;29.84550332;1
15.99609326;44.18365976;76.38976089;0
17.35735491;76.21083171;68.97248748;0
26.90769829;57.81952252;60.56614553;0
18.98147262;25.54961992;15.45957065;1
32.02622545;59.60953922;17.42910135;1
35.68394907;83.56129818;44.49469421;1
39.01760097;47.74188378;21.24993444;1
21.00450733;40.74280613;78.47858245;0
20.02447747;30.04286199;21.09641638;1
18.13703521;30.60118654;44.12274848;0
34.09290749;50.2940039;35.48847398;1
36.19427179;61.69758769;54.7570495;0
15.94758434;25.64307836;19.03254862;1
43.08636739;85.76980123;40.12214996;1
16.55913851;72.85935322;29.2293523;1
31.23889006;61.06367428;72.14260673;0
36.27181558;77.99070697;12.84099985;1
41.12907371;25.61307298;73.96092458;0
36.42260796;53.37872144;68.3095897;0
39.05184249;64.10651888;30.82995015;1
25.18350578;78.00570343;65.25034583;0
39.44475341;74.8428692;12.18494922;1
17.40344539;39.39484748;77.68058852;0
41.84449968;85.86161187;46.86164598;1
31.42777128;28.7042089;31.22967182;1
39.5189331;81.2593533;35.38082488;1
28.56954854;87.96581747;14.64837474;1
34.30733086;32.40074663;79.25446598;0
30.79207983;70.54462449;12.75043616;1
36.94768565;22.81998631;55.84349862;0
17.44889946;48.37959776;40.99151494;0
16.81056252;56.13983094;76.42413527;0
22.41309702;60.64516581;27.21998182;1
19.7863404;85.51560738;47.24607768;0
41.153507;67.05754811;43.7649346;1
21.57641962;53.68945659;59.20065108;0
44.27595767;76.67725254;14.76071624;1
25.10687375;86.53729747;23.5652391;1
20.46353747;21.54463041;25.01953741;1
38.69095521;88.77648906;61.67055284;0
34.76123327;26.02924973;23.23970874;1
29.94587149;77.00707455;50.14442347;0
31.66090653;39.62343268;25.06706744;1
36.57605335;29.25257604;70.31374651;0
21.85364224;50.78989478;75.95298181;0
44.89001748;65.07696056;46.29450825;1
44.24379486;46.66662915;34.66162189;1
34.50977059;23.81957858;26.38404425;1
20.98627353;61.96227978;13.48467011;1
35.40684727;83.16822933;28.79500533;1
17.16595227;46.82507562;55.7965046;0
15.91957507;35.14329443;47.35318519;0
22.73048666;50.98041422;76.08288948;0
28.8786887;23.38538977;37.73940837;0
41.04817516;77.43413091;58.57043396;0
36.81507209;77.84385677;44.25259232;1
37.28119564;61.16003244;45.88033511;1
27.76480003;44.71720223;28.74420202;1
25.37804978;75.98483551;41.84655438;0
26.13116289;58.82809174;42.95494979;0
44.62948691;77.8152616;59.46497652;0
16.20327574;64.20211548;75.84479994;0
41.01094488;74.90838312;33.05248942;1
32.36026226;61.89940953;12.9540328;1
28.15846258;48.98987478;44.74065879;0
36.75772981;87.05621019;48.11229325;1
29.60006824;57.87796774;21.79083858;1
41.20269714;62.3562663;63.23252244;0
42.02105592;35.43413476;78.94503759;0
27.65162781;63.79555526;76.20423019;0
23.30483392;60.01253546;23.79742272;1
32.77050986;32.93868786;71.27542679;0
42.37090037;24.17109681;59.31455455;0
21.31986567;62.30515238;41.76925947;0
33.68899751;73.45845885;47.8427696;1
33.9468066;56.63809596;69.47201225;0
36.99339067;35.87408377;43.60944577;1
18.94703055;66.65653837;36.12451584;0
36.47474894;25.60740086;44.52732451;1
42.27097562;50.92835934;50.53908628;0
20.39049327;31.43567309;23.23543576;1
22.12629975;32.91213357;73.06354112;0
44.14185282;34.16057644;57.19308642;0
20.42930858;47.06949399;54.32882421;0
40.6315528;23.58051439;16.96473583;1
29.76833569;47.84554087;52.29217567;0
22.41693223;55.8195213;18.46724636;1
41.12249704;53.83059995;15.50883726;1
28.35915765;46.79488703;46.91176269;0
30.44452062;78.74026256;38.19498738;0
25.77700108;30.17286847;51.21671891;0
32.78852554;55.39877206;16.24555176;1
19.90571618;24.34289919;40.1688144;0
26.7324461;24.98089752;22.23507005;1
44.08236967;60.17060948;79.09700601;0
22.74400298;59.62128974;49.28051487;0
34.70209994;81.4623459;58.12058027;0
24.75570193;59.0511573;32.77927965;1
38.20419377;87.18537143;16.63172403;1
18.92620982;23.40863939;78.31096039;0
44.09463135;26.86053793;30.03813248;1
28.61368624;23.08461031;39.66657296;0
22.0815139;32.96937952;55.49047452;0
17.20490242;57.88890777;11.72881084;1
20.09273715;65.1900527;66.71813914;0
30.59321846;23.19096106;47.5604733;0
25.11009529;86.21796229;29.47520309;1
39.86650098;78.95157637;14.31255897;1
27.92662571;40.76287375;21.37488908;1
22.46142818;25.40312712;72.65237012;0
33.5143496;31.89209513;58.02169568;0
36.20331651;28.88610896;27.49312051;1
20.01125724;28.62986455;14.59205355;1
20.02857649;56.29931821;58.34307187;0
16.10014281;37.20932097;50.06854082;0
37.09206045;45.06978016;38.31636671;1
34.91413583;89.26537334;35.45280144;1
29.23892627;67.90199742;25.17699932;1
40.32511347;86.42864669;56.87278796;0
39.17010459;29.97895885;77.94676195;0
32.56063093;46.74976324;22.30006721;1
41.04813842;58.83122623;51.7981634;0
21.1752363;25.37306433;39.6929539;0
18.35758858;20.29312105;41.26821052;0
23.09248835;66.93040337;27.79030961;1
16.71260568;64.92736618;67.7594413;0
30.93508584;48.7552167;43.96789229;0
43.09817077;54.27508532;48.03840965;1
16.18030622;49.08101004;31.3332639;1
18.66329742;21.68035314;22.7265926;1
28.56597085;43.47601244;16.01372717;1
43.01625053;32.39575788;59.98833986;0
24.48468315;26.88969324;23.73639972;1
30.21704426;86.97043037;58.30527479;0
16.24718577;61.95518075;37.32635122;0
19.45029603;71.0059399;39.10423607;0
44.59890369;42.07546203;42.84242473;1
43.95356089;47.52029906;35.73959557;1
15.14819943;36.58467957;17.04339841;1
43.55435356;26.78759697;31.6742267;1
34.17359813;32.53221462;56.46140525;0
41.03754884;75.82598317;56.6049081;0
28.64219567;67.42820636;30.03570151;1
30.46788086;58.28502132;42.20718386;0
29.66539741;53.2562911;23.54130596;1
35.00592773;84.57039986;24.72604571;1
19.18953764;25.09144634;11.61329619;1
15.8992077;39.64205693;72.77225849;0
24.23789825;44.49564975;24.74946656;1
36.14042288;74.76980685;25.92737139;1
21.05560356;89.47602341;29.57210029;1
35.202973;36.84693603;18.91856502;1
44.09736138;81.20151339;54.74840182;0
17.81702147;78.14359323;15.26000672;1
35.17806355;35.72601783;19.39416984;1
28.31250658;47.95328061;55.13297086;0
41.04426763;48.67710085;33.77624343;1
20.31449368;88.4754468;59.55634787;0
35.77877857;32.6624331;49.01973213;1
40.14345869;75.94105798;27.92148211;1
43.33842658;43.39348999;55.55795653;0
35.49744085;71.1609242;18.13915762;1
29.91524292;49.4007703;47.54872682;0
33.53541721;60.48518342;40.60036735;1
41.06714953;78.28282413;28.7511508;1
32.1182924;76.29158955;52.28034984;0
15.91161179;80.64962285;70.99335146;0
42.92846087;24.17321277;79.92332898;0
35.68580253;68.44353871;52.54339381;0
35.29540157;29.79911637;38.3294112;1
21.47025457;49.10729976;25.76449702;1
34.76656411;58.40118905;27.99672626;1
26.81593217;48.19176393;43.56184847;0
34.53698931;56.37281731;35.70943909;1
18.19779091;89.75684162;73.96701658;0
34.73535914;29.46521196;35.78068274;1
44.98241177;67.28192317;36.14112138;1
16.44636117;47.72006765;36.84741587;0
44.31522553;29.31068592;68.56341473;0
27.20723882;31.11157344;55.55518246;0
41.12260351;86.44911744;52.99181952;0
38.47156452;81.57210477;33.39001157;1
32.01048783;83.49293723;67.25329238;0
37.15347628;89.40729431;12.68547029;1
41.35546684;34.5820773;70.95580206;0
27.12420965;44.88075362;45.89249299;0
24.81099485;66.84533209;37.87751644;0
35.02780157;53.86617779;44.80170965;1
39.23537826;49.28726734;56.71908714;0
37.86855404;45.04678745;10.89357986;1
38.93440947;61.56464424;71.00862995;0
28.06749944;60.29154;41.27176677;0
39.53502649;31.30204838;34.00765638;1
18.60627166;53.02178863;19.67718959;1
31.33467294;58.74302433;40.76257621;0
15.17275981;59.92008571;44.74259399;0
24.7375749;34.7075035;38.25526861;0
25.99384605;71.95899746;57.50620657;0
26.88518075;21.76393664;39.46275701;0
35.8640162;44.83822989;77.29923045;0
26.65674304;74.6148854;51.94942625;0
28.46080868;59.47250447;66.5234555;0
22.12632393;38.28137028;17.65491322;1
26.19755375;68.64671835;37.81039051;0
21.81808882;59.71736609;33.5793391;1
17.19587771;75.73705266;49.86376717;0
33.1034578;71.45176303;70.2779464;0
35.04638396;62.70755454;15.48367524;1
33.58471038;54.17243727;15.08023586;1
28.90482131;29.3227488;69.52223957;0
26.39357341;38.29331125;24.89950602;1
40.90000949;49.3369631;56.81272781;0
30.57245355;61.95095009;48.00146927;0
29.37545633;55.95954987;68.30255164;0
15.76926197;40.17291682;18.75622369;1
25.23743483;20.45250505;19.0848076;1
26.40586856;54.73674553;48.97728522;0
26.96468343;39.9938192;76.24650574;0
32.40517108;71.42258105;39.04984309;1
31.0080764;21.67623857;32.88594702;1
33.23715278;60.93794679;52.46825262;0
37.94649785;85.90319663;75.13140204;0
39.38957216;32.2086487;68.5849483;0
36.54369229;53.01546435;79.68385275;0
43.66571088;26.39953943;11.57980082;1
15.54697748;63.79773386;17.90007013;1
20.87333957;58.53721764;52.66274344;0
15.22688625;48.51558669;67.44035075;0
34.42424142;56.4963915;29.96710396;1
41.94091647;82.76022609;26.74477616;1
22.3044689;33.74060116;65.08830596;0
42.81103634;21.57951582;13.94672977;1
16.80802171;80.31654193;35.85678533;0
43.0330808;60.39819577;45.40664558;1
25.54868062;82.34609188;49.2244072;0
18.04262485;61.78616564;61.00306098;0
29.57615278;76.7112763;34.83920064;1
22.70329703;50.07713543;52.88790413;0
23.54618706;72.49019519;50.9762796;0
24.21869895;83.91290268;48.33312705;0
39.09077693;60.04860746;54.83383052;0
31.1748383;32.65496054;28.16144197;1
24.33923097;38.81583305;15.92541275;1
33.3100135;33.90512038;18.34901704;1
36.48452023;37.27999193;25.72076679;1
23.17872002;41.44908145;45.01385549;0
27.40647305;58.85936507;68.83099254;0
18.6565828;61.15941406;59.09053395;0
20.43448049;49.85498231;65.23284229;0
35.43353562;63.07945459;34.56829367;1
20.44315043;25.71024479;38.32576192;0
30.75490151;26.14517659;37.55773202;0
36.27138785;32.02806223;23.43112291;1
18.20630769;56.26542486;14.28516607;1
32.01936659;34.97962751;51.3641265;0
22.69688351;39.82990824;79.24516784;0
43.88780626;48.02189853;21.67807935;1
29.5063694;76.83062868;13.26793739;1
39.17977649;20.97034951;64.56721773;0
31.50679626;65.45651742;27.68102047;1
16.30237599;66.82135717;68.07506637;0
33.99454127;75.90590462;59.27556669;0
43.54210027;85.29270573;76.19714759;0
33.0483546;21.40964943;38.6249065;1
39.57566578;30.76485939;56.33788876;0
41.5261939;82.03199058;42.53983466;1
21.84239316;52.09629935;54.14120881;0
21.3613452;59.52134473;41.47192342;0
33.32942967;66.41190426;23.20425725;1
27.33085409;67.53466231;45.55281912;0
40.19583909;85.22182823;47.0008941;1
42.0006937;89.78645922;66.74226938;0
25.60264138;70.41102227;61.48644941;0
22.10611677;40.10548464;56.46541368;0
38.41576546;81.58266816;17.93709669;1
23.24418107;23.44546402;60.44314035;0
39.67842956;36.1756597;45.02136094;1
27.71214761;82.81700022;72.58696753;0
35.02649698;37.93340601;74.39096539;0
17.86605942;35.44557417;13.86096134;1
33.71577974;29.66877052;67.44490922;0
28.55303036;80.13782304;12.63881733;1
32.5982539;55.00407814;35.7018738;1
20.04042623;67.24252421;47.96099829;0
37.10621235;36.73464689;20.3670559;1
40.88391233;73.06282947;62.24196688;0
21.502194;73.20038815;10.58482929;1
17.87143667;41.88186174;21.80193339;1
15.70915758;48.74778431;50.65577809;0
34.25914501;34.67831942;60.00712934;0
33.21282108;88.35927163;74.16501719;0
31.40092238;65.19218039;59.38476564;0
21.95841288;85.41807165;57.02454892;0
26.72717988;41.23698805;37.60388024;0
32.83429006;74.73236391;10.08990979;1
29.90300577;73.61010507;18.41114811;1
44.63356561;68.41589563;47.41881813;1
19.09319258;87.59472827;57.25909201;0
35.85433662;47.54887353;39.22137987;1
27.12956304;29.15021265;61.14753081;0
27.84598845;67.01962015;46.53036067;0
36.52793297;71.05168603;15.19233369;1
35.77308454;60.25424014;23.44113757;1
44.73767981;34.47725252;68.79987563;0
18.85182868;55.31191592;60.74389226;0
18.12328948;41.85328156;72.63333909;0
36.73016451;49.92265697;18.22900744;1
32.35160751;65.16530031;79.31557742;0
23.22482;72.16503199;24.65846998;1
17.38258107;36.25572836;10.82459134;1
17.56974749;48.37277525;79.81960573;0
41.82572624;38.84130997;29.67517198;1
20.75601974;33.90421297;56.76136168;0
24.70114686;74.8371054;22.36776199;1
21.79969207;83.64768861;50.61599725;0
25.64988917;45.916253;73.28244905;0
17.08271528;72.58952471;32.41268172;1
30.57179373;82.78967026;56.91777832;0
17.02837691;79.22869474;23.15325122;1
39.01069523;32.7969372;53.73567791;0
22.01136246;86.94043171;33.55152463;1
31.20035744;46.36735083;24.7845781;1
41.40237263;43.74684628;31.92274355;1
34.52632107;24.37019291;22.5188748;1
30.9887336;54.03215579;73.13412755;0
24.73001259;27.63095309;37.80308204;0
24.99005739;37.39778746;27.16955135;1
35.08460866;42.18598352;41.38854887;1
44.82418084;76.61784264;32.43753168;1
34.8551757;81.28420553;62.10934777;0
31.73350252;41.17264222;77.98539383;0
36.91951531;80.10886849;40.66235597;1
28.95616837;80.00616562;70.272338;0
16.80427028;73.52556653;49.61041515;0
31.86890448;30.26865798;21.00649656;1
43.72875854;68.32259928;58.34359195;0
20.25908827;86.15168452;45.9404148;0
35.70014672;67.77783351;55.54245663;0
21.02801066;43.21317944;72.27811888;0
31.07483053;55.04055222;40.83041995;0
17.90029349;65.20075303;73.08243363;0
28.51112809;55.73992861;62.546831;0
37.68489987;28.39670592;44.20234481;1
25.42714573;41.84448313;52.2255495;0
34.94735173;76.16772214;32.79067928;1
38.86349882;80.29926323;78.85181098;0
42.81533458;29.61100229;56.71458141;0
22.03926246;86.66707267;13.06927967;1
26.97947747;43.01758325;32.8635334;1
19.5724804;66.36196171;53.63201036;0
44.77450506;72.62776022;13.94332945;1
42.81002904;76.83623642;11.67189339;1
31.19871391;86.20247916;41.50169677;0
40.26099883;41.90436836;33.28831258;1
30.62873932;80.09545182;40.68090256;0
33.70757064;29.21808324;28.38853169;1
17.67373296;69.35286344;21.53024229;1
37.65811261;71.93844107;58.24003499;0
18.83140451;67.44062688;46.01997814;0
39.78202891;37.66203153;24.01079479;1
38.46084263;81.11302029;32.37125984;1
36.26234093;31.82009244;51.42655354;0
16.08481142;23.75443541;15.05605438;1
24.09385068;70.22254934;20.32171065;1
22.8933771;53.28330007;15.12719229;1
25.80409222;79.4368614;66.86221329;0
17.6292824;46.83779987;62.66864632;0
43.10873469;31.7795012;62.73190523;0
31.61406722;78.55095347;60.14277404;0
24.16572932;58.42367421;56.85697966;0
26.90944551;33.24370547;43.38943408;0
28.41607622;70.4268799;54.95947145;0
33.01783;55.77795469;12.68530884;1
30.47038283;62.30190876;53.50250959;0
42.5817592;52.26288367;64.45143939;0
29.90890449;78.00962887;45.02508523;0
44.76474044;78.0693901;35.02593299;1
40.54274873;69.65721753;29.41987144;1
21.25531543;27.37809642;54.99614351;0
42.91785644;78.71977033;58.4960839;0
18.49099194;66.97090864;70.96773199;0
39.52349125;68.79169162;33.96338577;1
26.4186988;45.40879883;63.88406152;0
41.33922961;81.54956893;49.29490769;1
41.0417007;70.77601202;71.79855435;0
39.177762;27.88133266;46.94684758;1
38.70091309;48.54446241;46.23408799;1
24.14037417;82.04662534;50.4513957;0
17.42757849;23.30376912;62.45207486;0
27.08940536;87.29916337;77.52833352;0
20.20573545;67.54137978;15.1494348;1
35.84853267;64.19631844;13.74042217;1
25.3829918;38.93914795;75.62852362;0
44.26830603;37.41542521;47.09129379;1
34.22916232;85.94407536;53.04321102;0
39.67441691;40.8790718;43.76965211;1
18.97574018;74.28537077;16.55602168;1
40.86043447;47.51852587;63.76625649;0
42.68271572;29.74778495;62.30572516;0
29.61185756;20.75007084;31.8192325;1
33.18758813;58.09801359;31.43674717;1
37.94429403;88.3045173;68.64889666;0
20.24515882;45.83953357;15.06500804;1
30.07698229;45.00346338;71.67736038;0
26.95989083;44.08641325;27.96631829;1
19.39121976;56.43806861;51.50893234;0
26.02603267;50.84654184;75.51959253;0
17.04516928;81.59402387;57.46857511;0
15.77435721;55.38645542;39.01008687;0
19.05498867;55.54304867;58.26739462;0
43.89345335;29.68601163;34.07857454;1
31.48588608;88.79176786;29.40808914;1
43.97466483;37.49810236;79.76782946;0
27.97493635;25.13548472;62.55531618;0
24.35448399;66.42023743;55.13039842;0
30.18425589;61.67564591;34.87027503;1
28.18535066;49.06019578;13.44125804;1
18.16994053;49.55345637;12.17398132;1
34.22478944;74.95447447;48.79268788;1
21.48114548;33.69988481;63.34229047;0
33.58763865;77.41773233;47.61654333;1
34.50603277;65.41229797;68.85495504;0
19.56074559;49.32788416;12.33985732;1
16.84048881;52.06200316;35.67264535;0
38.42284758;37.9653045;26.59492738;1
28.79401271;72.64800329;41.30910777;0
16.74491387;55.90123196;15.06634752;1
44.84598952;42.45981799;76.78921491;0
16.73341683;61.7235081;25.62787807;1
35.85105687;89.70141164;74.56154428;0
44.51036776;50.46835958;39.81252085;1
22.17540313;84.44839805;78.98668933;0
19.26748106;44.15117879;48.78408684;0
18.64154818;23.83128948;75.15830049;0
24.09825443;34.29694745;10.37442921;1
18.03137433;49.30866003;62.37671643;0
35.76484025;35.374445;73.21354572;0
16.86875394;20.01589268;19.78043969;1
30.28266384;84.05010764;16.72880962;1
44.90090562;79.07155879;39.7200825;1
39.41910809;71.9604562;75.35752343;0
33.45658315;31.7470217;47.96705921;1
24.18760862;28.42545033;46.92195246;0
33.71687509;24.73233246;19.87882828;1
30.81124392;70.68204321;10.05526578;1
27.78250152;85.01655725;66.70980635;0
18.9213113;50.13750746;16.13021941;1
41.59812646;28.33984704;54.36948731;0
28.49353946;55.86749745;74.02315182;0
20.83867535;44.41823352;24.60563392;1
26.03278053;46.2377447;56.56909854;0
27.42389258;63.49314369;15.50890037;1
39.82613687;70.31026793;52.26286007;0
37.00843142;27.74225192;21.47522047;1
38.07914681;22.49131616;61.51674924;0
15.33093793;89.60312119;31.08619064;1
27.48461995;36.29098442;42.43737062;0
29.44032455;23.76813674;51.96013794;0
15.5757683;33.29127304;21.98913875;1
22.79439626;22.72704924;61.9146473;0
37.80869469;47.42676262;31.18482384;1
19.11329117;76.16812491;56.36603019;0
31.05930394;43.88711148;21.07981355;1
21.45605616;51.09283848;58.16823614;0
15.36362324;67.29107415;18.9731651;1
22.23604373;55.6225849;39.77495474;0
44.27621265;80.30119802;27.30442516;1
39.04611336;80.62249725;62.38626746;0
43.78729933;20.69374868;28.34245032;1
29.63562132;74.46324145;71.72021145;0
18.29208596;52.25135202;72.4274148;0
31.43878467;89.21883789;23.75089207;1
28.63132004;53.82624531;52.96921615;0
40.33071248;89.08271618;16.14023492;1
17.94247742;72.81985528;37.40759697;0
29.64723411;37.40234192;59.93252107;0
19.50145994;57.68764855;56.15962728;0
24.74027781;89.44949476;53.72904686;0
37.12071232;80.02714254;29.77786046;1
29.28054388;26.81568257;36.46174646;0
26.27664855;69.44603978;17.20623013;1
26.83428836;44.19057101;60.33159743;0
28.78340305;20.48875833;45.27221578;0
38.55049632;48.24366783;59.61359426;0
41.76254067;36.43280952;27.42604674;1
43.6600406;77.32084894;32.710676;1
38.60710159;43.61314262;33.39507361;1
24.46220687;77.92665858;11.80196868;1
35.64404118;20.04185572;33.8733511;1
28.12809372;41.5473405;66.23132015;0
22.64011866;36.881565;72.8108947;0
40.22614738;36.34971527;46.27528209;1
16.15279047;24.77306338;41.88511867;0
42.05285976;33.09869893;12.15772331;1
28.84432394;58.88846989;71.54430363;0
34.1160443;40.3952751;10.91071494;1
34.78061767;49.21763476;76.13250561;0
41.85353222;46.38068162;44.24513741;1
34.10009047;81.31334475;33.93541455;1
33.41800754;83.37092993;74.69529044;0
16.99956122;54.50698802;11.70736952;1
30.55224066;43.11091652;50.69974264;0
19.50507002;27.47604928;48.42527671;0
37.12301306;86.73820156;25.35242808;1
30.36665762;24.21588614;40.02212019;0
35.40683338;40.83551943;55.65848042;0
16.25018702;40.86463408;60.89918378;0
17.54376048;42.42809003;10.05018011;1
36.48970164;31.50007903;75.57974011;0
17.16253008;74.82130016;21.51677607;1
17.13770183;28.57485034;26.3506304;1
15.36325426;64.44346614;28.4431412;1
43.69504195;28.66922187;12.64740956;1
37.12525078;24.93749463;18.61364865;1
25.59754226;83.66006526;79.04449461;0
23.89606744;33.30901364;32.06517162;1
25.49109689;77.48751082;18.07107632;1
38.23960594;58.12416098;17.48938828;1
34.84111833;25.44995637;60.36219774;0
20.55586704;86.8813734;69.81980648;0
20.22328006;37.28728169;27.98666097;1
17.95186949;80.17517417;11.46366586;1
34.80908159;31.8167004;25.61630129;1
37.93117987;79.77600175;13.95609836;1
22.95139285;20.9260169;17.23764556;1
15.62834883;55.82463196;40.20556839;0
17.46515002;73.86098056;26.09428596;1
44.03580105;85.43568622;46.1162115;1
23.86334332;83.64414953;27.74456273;1
38.07669444;77.37374087;75.83761108;0
33.73990707;82.17339448;73.41607775;0
26.45818919;33.94537801;49.67642735;0
21.17061787;39.8929007;34.80967944;1
18.64159254;40.22779674;36.68028174;0
33.45038904;46.39377517;38.82965982;1
38.23901342;47.53244693;60.93055255;0
34.31712761;58.11887273;41.61472969;1
30.909064;31.19158344;69.97109626;0
16.2585367;68.38726647;76.08663502;0
44.05466333;31.72965775;33.51623074;1
38.96142575;41.72159375;49.2486137;1
23.7846611;55.23415914;16.65395758;1
44.39910988;75.75083931;24.03283334;1
33.05644769;71.76284633;38.94260367;1
32.47267975;65.18740495;24.43419011;1
37.44219538;30.90412824;71.35923436;0
39.35309364;58.29317419;21.08003792;1
34.69435822;26.12125513;41.89625751;1
18.84287239;46.41542238;52.39894683;0
25.14802518;48.94615712;58.43047357;0
42.84250921;22.78680076;36.81485588;1
21.73846836;39.17916696;70.83693481;0
26.16501072;86.89546271;49.78234058;0
27.96230649;86.75428255;40.76554463;0
28.18214969;44.6628938;14.70684438;1
33.38818747;23.01700763;42.52826279;1
43.29227513;32.53664575;67.45150886;0
22.22078135;47.45524554;53.01787128;0
18.64504129;86.34457886;68.25137176;0
20.9241147;29.88393445;44.58081694;0
41.60774701;73.44610906;18.29231936;1
34.37432438;27.60777776;10.95478921;1
23.57720368;88.68803042;31.22536827;1
39.47840817;46.71315494;58.859333;0
40.84109989;74.26641772;65.31819328;0
40.39543016;43.9813758;30.70269842;1
42.56779601;63.9368214;44.69577446;1
22.56723061;33.44112593;39.47832331;0
37.65125786;30.22147135;38.7365949;1
28.81618492;85.66448977;26.19440992;1
40.25995659;84.23530945;19.54597735;1
36.85472031;82.12282581;23.76819908;1
38.29342339;63.78034151;13.8732671;1
34.68485513;76.57877479;23.86915193;1
20.32286308;24.83258558;10.64406283;1
31.35080757;43.43523293;53.90808804;0
44.54009219;41.95921873;32.14627852;1
43.12164199;64.49517254;78.1201298;0
16.29521207;44.91704414;23.56019355;1
19.94444447;30.39547472;34.20799992;1
18.9518632;61.75269528;35.0488811;0
36.7793973;77.00687445;10.59160472;1
39.5335599;46.74864461;68.74455671;0
21.40534099;29.25881006;12.23961221;1
30.17558079;33.76817381;75.81258843;0
40.22109084;36.62383136;72.44520458;0
36.98404634;40.99283151;47.48653413;1
31.26711616;64.99565494;48.05169024;0
32.71043071;62.06618392;55.76445461;0
30.25081641;68.72559031;37.09350084;0
23.92645354;45.37513892;55.30555984;0
31.95065979;77.67983563;13.13378721;1
35.66655906;34.28613628;13.78333391;1
41.19968748;52.83285233;42.00612937;1
34.08874062;76.06571051;48.47356108;1
37.83364611;32.61110534;72.14723482;0
19.80214905;27.69041796;17.32624437;1
28.84672423;81.85787774;67.5853549;0
15.27994859;44.00507639;24.70331361;1
22.40036594;67.87090874;37.5858554;0
36.79385145;21.7744023;32.16217044;1
44.75429854;68.30328219;38.0108691;1
17.97534299;42.12709181;20.53468487;1
27.04482948;23.90185975;45.24990521;0
39.00212906;62.68689331;66.11498129;0
21.12106904;36.85626713;40.90738073;0
31.65254848;47.07650694;44.34295031;0
36.99213888;25.64065686;69.41373097;0
33.47956351;30.30142758;59.42406802;0
20.64074204;40.85840648;44.3318086;0
25.66153706;26.28316504;28.03869537;1
38.51375353;83.75783853;71.94487228;0
31.62679542;20.42329302;50.39142812;0
15.15688841;53.87021532;25.48033271;1
37.8297228;28.62732207;28.83838268;1
16.05934065;41.53753626;66.21931623;0
37.37201348;84.82416919;13.09018935;1
21.0744168;31.31861873;79.44645309;0
43.7422044;87.60826238;19.12461758;1
26.03822254;34.40560639;65.72479678;0
24.80794849;71.90962759;37.63427217;0
19.46664151;58.26740854;44.45513283;0
24.16812646;81.91351093;71.64554042;0
41.29952285;58.77952789;38.90378327;1
44.89003013;57.41914534;47.62456276;1
26.04928592;33.68206003;13.45097637;1
28.45831893;31.63605534;10.16432317;1
36.66212815;84.15424058;27.13599111;1
41.58587341;42.94867392;57.6408165;0
32.79133003;46.04575785;18.48854254;1
26.74577095;73.18765609;17.96333712;1
27.37865523;43.71764377;38.76724256;0
35.86854439;86.64437126;55.3485927;0
15.09654791;71.65494383;59.84503946;0
33.58768012;61.82004698;22.49154719;1
25.66479031;81.66266124;15.57117032;1
38.82591994;23.47241358;75.82779238;0
17.78971919;37.99438845;28.24664678;1
32.64606801;52.5525434;69.73425483;0
29.4291867;35.88849776;70.44440153;0
34.26976578;72.07336311;64.07658142;0
16.94560783;84.34456217;21.81835247;1
32.39951362;49.6639084;67.52610215;0
31.84453764;43.94928201;63.84753915;0
31.81980283;87.30855125;51.77060931;0
33.10463;51.1396703;33.60414246;1
35.29403812;54.23338803;28.3756023;1
39.14966999;44.61549106;18.53224485;1
23.0946216;83.66839311;45.68299468;0
39.75148231;59.82688383;50.96826129;0
29.94767047;73.3522211;35.15372934;0
17.31174837;76.82647028;43.27513474;0
16.75652788;43.92943293;35.44601202;0
25.02714956;50.35860319;54.87042401;0
38.54690931;79.39302421;73.08814455;0
36.23042804;45.42787462;21.47441834;1
38.65844894;75.57545934;36.69861669;1
30.51807169;85.86946258;19.86080228;1
28.20596994;63.62472611;53.74606393;0
19.4235758;71.91391012;61.02093566;0
24.84578261;76.35681184;75.23389128;0
28.02058099;79.15277542;29.52103484;1
17.65801289;47.65373365;76.51478441;0
21.61835858;23.58844214;14.42838703;1
32.94675882;48.13133899;52.21097044;0
37.06989343;67.16293608;13.99929035;1
44.95042534;51.524527;72.56419314;0
42.99339994;72.42742056;47.08663399;1
34.27695599;44.98877006;56.85438455;0
27.6374416;64.43208988;68.21017481;0
34.08532094;33.04938634;20.52174357;1
38.56954854;72.45586057;12.70140934;1
18.55008573;58.19871782;71.52168021;0
27.29714669;34.2845072;32.04532592;1
40.19406857;40.43378214;19.02852355;1
26.51498856;72.4026096;42.7922866;0
32.15616814;53.7820865;51.8814253;0
32.63308083;35.12220083;12.16794224;1
20.53428759;87.70898333;29.24269608;1
25.86706325;70.05875139;12.2959912;1
25.03533866;86.99943828;39.42347724;0
15.78590126;49.89735318;72.65700203;0
15.72575292;53.25702385;78.7856688;0
39.95091131;82.85686513;54.59332875;0
23.1921243;56.75345382;21.31463856;1
30.54236299;69.50952383;73.4094573;0
23.96176721;37.65210142;46.13734762;0
43.22037735;51.27085281;20.76245185;1
22.77890277;28.64149061;74.52086686;0
27.88970438;34.41860251;63.02283355;0
41.18190751;20.06603907;61.21936909;0
40.258007;22.74855362;59.64264927;0
20.58304254;88.40986762;24.02378748;1
39.07929929;36.96475866;24.77046842;1
28.7456066;66.43174967;58.18050989;0
29.48906616;78.73697892;25.38059251;1
19.00439917;58.54623215;40.70701878;0
17.41804541;30.72011501;64.74012779;0
36.83817921;70.96815061;64.87667627;0
29.89383457;62.01759871;41.72832408;0
28.10552108;71.18754125;65.45329568;0
36.88524686;73.8822636;68.70352573;0
37.96538697;88.27872574;55.83430259;0
19.76724503;60.1494296;25.98980966;1
33.30675448;43.91487789;29.18082463;1
19.06062247;65.39251898;32.03888088;1
37.54125258;24.79084965;18.17628754;1
34.70865469;82.81781228;29.12117343;1
43.69843863;28.35667079;24.6663457;1
17.06874049;42.94899865;41.87301249;0
16.71164163;77.10217664;73.59062835;0
23.46561224;61.81186648;17.31362217;1
22.85117051;47.55448642;60.41875468;0
22.40936397;53.14049616;58.10981031;0
42.18763742;79.81831752;16.70279391;1
22.486386;43.80030702;74.58006834;0
23.15849178;80.87547794;49.79305415;0
37.78194787;26.16941017;35.46078648;1
28.49219527;74.3758906;62.95770084;0
38.30131671;79.32833431;28.01558209;1
16.96098473;32.7272357;58.54568859;0
29.62713581;50.12425727;12.77978453;1
16.00840801;31.58498423;68.75856263;0
16.8795961;69.46228903;41.37195929;0
42.1931236;57.47434376;54.56850401;0
19.17736113;64.47263427;25.48664739;1
30.97262047;33.75408769;57.39515989;0
27.33286808;34.82221034;64.05681931;0
25.42029979;22.90481279;43.12492308;0
41.99500037;42.54472746;53.24088468;0
15.6547019;59.18212629;41.94281467;0
34.91369059;80.05544398;72.58639585;0
43.90183303;66.68492132;44.85084264;1
31.8050455;50.47774264;68.92660963;0
43.10467386;86.71840801;66.09464408;0
16.56773638;70.34716404;38.73533749;0
27.56379957;85.1115642;26.10591443;1
22.80473373;56.93115813;38.42574928;0
36.92462895;38.12329924;67.8352163;0
44.43891271;23.69786805;25.93427751;1
22.69590187;70.8259396;46.71054421;0
34.62523804;28.49120986;66.42677236;0
20.94292898;41.19425898;34.74342326;1
31.95990764;57.27296355;54.95467459;0
28.9179746;59.50916114;27.19421018;1
44.16015989;62.04082379;17.64956118;1
33.25581818;31.63787312;65.60689576;0
25.48519116;46.58161834;16.92780364;1
18.42287355;63.2035959;28.99669766;1
19.53740486;87.88732052;69.85765954;0
21.7595079;70.93417964;34.2528501;1
22.52899984;84.582263;78.11317447;0
40.51848174;73.35484408;78.58140343;0
31.83668365;61.42018782;28.77932143;1
30.70172734;33.44163584;12.86847556;1
18.44306616;66.66799563;59.35442989;0
40.8041908;63.63656962;41.56905519;1
36.6844291;62.17284193;17.05269908;1
17.03005086;54.28501076;59.52659733;0
36.23505292;57.00596228;12.18224364;1
31.30614652;43.4109769;70.91376833;0
17.45176037;56.35188848;19.70567704;1
28.74901925;33.8289134;18.91183151;1
29.54088861;76.36220782;22.29706086;1
19.9732362;33.00438683;77.21864509;0
43.37094441;25.94764029;58.52185522;0
40.49926114;50.53722185;66.09600748;0
35.07067012;66.08152077;37.834449;1
28.86886683;50.64017775;33.54189093;1
27.35296625;39.37278924;26.41388047;1
34.52920401;59.07198287;43.64536198;1
31.36295608;44.29016348;48.62801135;0
16.86819318;85.30073831;54.22423906;0
30.37507946;84.58515977;27.99829528;1
39.19210852;55.1660274;76.40578566;0
28.77719633;42.95187958;21.88309487;1
16.55869733;71.59926898;77.59572223;0
38.58834598;22.56990604;11.03992858;1
21.04091346;53.23383042;43.67879843;0
22.75862505;43.5426376;33.33574867;1
19.9411906;84.43751196;41.43863898;0
24.90645195;20.84021191;49.94652053;0
37.70254517;58.6970413;40.49124106;1
30.58157579;71.84645067;39.03927952;0
21.14643822;53.95125913;61.29063908;0
41.33490234;25.97821211;58.01133926;0
41.38745565;88.0722973;68.32898974;0
41.11735275;56.2607302;27.49712869;1
22.16388634;62.9930371;52.66699568;0
28.53718033;36.56268479;50.96363498;0
44.54968968;53.84486596;35.88164676;1
38.16037429;50.04046444;44.02402793;1
15.81502264;25.24270894;31.96475003;1
16.95613774;27.43122475;19.92910783;1
28.9179413;78.62307637;24.96608475;1
42.27660618;36.78739665;17.38595525;1
31.16105394;33.647079;57.81487026;0
29.93437524;55.34380159;56.25091752;0
18.164211;73.8122992;76.54244601;0
34.70340314;24.3362563;61.07748896;0
39.66309482;60.37655437;13.64320871;1
26.41260023;28.344731;71.89716218;0
38.26835553;22.55227356;70.38726141;0
43.93429962;23.69207665;41.03242245;1
21.11299377;78.39148757;51.01041354;0
30.69988894;28.25807385;78.32548327;0
23.61413874;23.16059551;47.26130547;0
38.78563257;50.6529921;73.37252799;0
32.32780098;79.07954304;15.81271305;1
34.03747253;38.36858635;23.37363081;1
38.93742479;49.51988323;40.85284604;1
26.87911418;22.79457728;50.93297658;0
42.45270205;51.43549599;67.13594963;0
30.99086602;60.43291564;79.17834806;0
19.73864469;59.96349376;37.21960475;0
35.87697355;43.26986845;13.31909453;1
38.79784051;42.08732265;66.08200523;0
24.50285031;27.46365333;52.30665034;0
40.71537771;45.67588245;23.89800012;1
42.18429764;26.96462682;44.63799196;1
23.30713462;73.66171613;61.96171719;0
44.50564418;87.63920084;63.92882509;0
19.22134584;87.90521197;44.97328884;0
21.06047005;80.55497696;31.36501711;1
20.52674518;62.05545045;78.16198074;0
41.8196913;69.06059881;56.43538277;0
34.62877657;39.96440619;38.57662635;1
19.5631285;64.15392941;29.63242569;1
28.20970255;51.89546846;61.17720881;0
33.45894075;53.74121378;26.95284119;1
17.50392255;73.04435923;22.01969923;1
41.47249105;39.73428489;47.08837223;1
39.10810606;42.26277282;30.29911749;1
30.15620321;84.72492538;54.02336014;0
44.01379846;23.93570064;18.25570724;1
27.53282938;53.99440089;55.84587732;0
44.52330957;83.89605603;29.83075696;1
35.03759996;62.72541055;10.01700541;1
34.0401382;58.24849519;18.88552404;1
19.97864686;37.48209255;75.35307645;0
41.45783275;44.02928423;70.71482474;0
27.82469064;79.64338911;26.35263224;1
19.86700217;59.14526922;64.48603332;0
15.3782256;56.03195356;52.60001152;0
31.79267051;26.97057995;77.9633298;0
30.82198866;21.12197095;36.15239617;0
36.58060867;87.45796321;57.70224288;0
41.70774159;46.38903171;14.44750057;1
17.38219754;62.22491435;37.73731428;0
36.94489471;25.58005512;77.46723628;0
20.62235832;67.818;47.72866121;0
40.74531159;85.27966961;30.15156523;1
39.57190542;60.29656771;18.41896742;1
31.22381265;28.82807257;59.24698381;0
36.30728396;60.72050692;55.13992304;0
24.4305034;73.64430492;36.17570995;0
29.13503697;48.44915756;76.56589463;0
39.64910693;81.58864236;11.55419691;1
28.77795592;65.40780674;31.26066961;1
25.73394796;82.94742428;74.47486404;0
29.82637342;63.64537179;32.46548068;1
39.84747757;29.19015804;27.65769837;1
25.05624142;41.67841978;47.3954287;0
20.21284779;34.12564638;67.66612249;0
36.36042061;83.61785484;17.22027326;1
39.77934638;73.22800471;76.01144968;0
18.01912436;67.34788582;65.65510168;0
22.19622338;41.06764237;22.68751789;1
19.25915969;32.88313404;59.84055728;0
25.43824235;72.95157616;36.94711058;0
28.51052937;53.19105621;38.16062747;0
37.46479011;35.80526865;64.83030647;0
34.53442755;63.16353847;77.39493656;0
33.62785702;22.82336965;18.8659111;1
25.5712484;42.83191779;39.44411658;0
40.24342659;52.79898962;43.66591257;1
29.13861502;30.35708339;36.34182719;0
44.37314814;88.92581343;35.42323866;1
34.02426415;34.63681552;13.65880673;1
18.78794225;29.1247191;57.98770344;0
35.28532686;34.24744117;40.5350092;1
24.75312046;73.83427932;23.63556619;1
35.5898159;49.78539615;67.12234516;0
17.08923444;59.57911578;66.17925237;0
20.24644312;21.47064099;44.04741397;0
40.67211777;22.4101916;30.89154628;1
21.81538671;51.20778849;54.66649081;0
40.11123376;77.16586702;30.1706495;1
23.37828265;81.96672151;26.52055512;1
34.2864573;26.06945973;61.13602578;0
35.82451721;57.68541715;12.82276678;1
30.37964259;83.92607804;16.63379297;1
24.1593203;47.15809281;10.47517218;1
21.37933129;78.0696082;20.70602305;1
15.99568064;29.35869581;14.82930061;1
24.11839204;85.47761428;79.70616574;0
34.59488372;72.59963223;30.2166979;1
43.14914455;85.8934075;20.44876089;1
41.13613447;67.36320635;26.86973806;1
37.9819433;45.43827524;75.52879001;0
38.6534203;85.67268208;46.41121561;1
34.9495471;39.28967434;35.53726674;1
22.80860573;43.25207654;71.13740205;0
42.21585092;69.05658926;37.64931894;1
35.12196936;73.57214097;33.4505999;1
31.81321893;85.05824387;24.50977658;1
18.32968408;34.33616863;36.44577767;0
28.41166631;75.85986247;32.16790492;1
28.81074814;71.69822374;57.41127715;0
40.93690829;24.46561894;30.27078933;1
31.39944661;47.10561988;50.40398225;0
26.41201647;39.79358199;14.61245155;1
44.30400986;41.3143297;23.39024097;1
18.3216178;88.80628157;38.51836901;0
27.67645285;64.99441894;75.58644777;0
16.26074026;70.23733105;36.407639;0
37.19712362;88.36323461;56.48518848;0
42.54229657;46.40412477;27.85610557;1
23.40111989;76.12881179;18.89235032;1
40.7502503;50.41716743;14.09756201;1
23.76654691;80.86735703;31.3789449;1
42.32310485;32.64602789;21.03627188;1
37.61885711;86.33803239;22.18073136;1
39.14720331;35.31401959;63.25315159;0
15.54019667;42.83543549;11.10866497;1
43.88431071;72.93345639;49.0467088;1
36.80012976;47.56285991;36.56229664;1
24.14253286;62.57479637;45.45849999;0
39.88183995;51.12014507;49.39811661;1
23.44563595;71.9658956;31.93573861;1
41.18261519;35.98318767;30.65762021;1
18.37741171;24.09205911;61.33812945;0
36.11057932;40.99505782;70.98938917;0
31.2209543;53.20160654;23.48071427;1
17.89603411;31.76140365;16.83331324;1
22.25681485;44.83581028;72.84570645;0
15.37212109;47.99881128;34.49268246;1
29.06303896;24.01742906;48.59221735;0
24.03795782;60.83150737;35.16802012;0
32.95072453;81.90403996;18.80616354;1
23.91713423;30.62200391;51.25321515;0
23.99757335;61.84656094;46.75985962;0
37.29579596;66.53174434;24.20954914;1
16.44428508;49.35342763;41.63083313;0
42.08684986;69.07683112;65.78632528;0
40.56791623;48.75120804;51.32982722;0
35.0341405;55.32461016;16.78421289;1
32.7966471;20.51471312;48.36150481;1
41.76907494;68.42040799;59.19168095;0
20.55990539;66.29398753;65.4892384;0
17.36907487;22.68806141;54.0382305;0
22.1853051;45.77750752;20.68607152;1
38.83734836;88.53222886;59.71212866;0
16.040108;49.45155938;57.41392923;0
32.48420505;55.13617836;11.70988181;1
44.86312549;83.69511107;38.82233673;1
40.67088282;70.20833131;33.30651729;1
30.64337067;60.74490918;56.8588445;0
16.90922728;75.84632769;25.12950686;1
39.94120543;80.50563865;51.36103461;0
32.96935525;51.98216502;73.92441733;0
18.44798991;53.25758555;65.84616605;0
17.81571854;47.0235655;74.50204154;0
42.28880458;87.6694298;78.49541769;0
35.07600789;68.8016378;10.74690889;1
39.87860398;25.82561463;53.59188935;0
41.36936701;80.40717363;38.89875784;1
32.15317056;53.63919586;70.18981432;0
30.52339055;24.81277345;27.62702914;1
27.91282231;58.48020786;78.67206424;0
24.50839763;49.20149953;52.95955787;0
28.03787883;81.44245834;65.54761816;0
38.21638967;34.27962225;15.9919687;1
33.05770293;77.85252266;22.84205193;1
41.7756987;59.03820838;63.08825711;0
28.30140043;23.82272122;11.53905654;1
33.21268736;88.02917109;67.18145901;0
33.93922659;55.88306709;10.97643131;1
32.75091487;40.3613798;55.99831873;0
36.07901319;52.85847894;35.55657442;1
22.12300405;80.05004485;52.80463969;0
30.37091333;41.34321871;58.72219849;0
18.12674408;33.48734775;33.97326534;1
26.53533983;29.03498729;17.55737137;1
29.63001206;40.85015789;14.87521074;1
34.56672779;74.60336609;51.22552158;0
43.51593158;53.01384556;46.44587476;1
33.019532;35.92371226;61.95407064;0
37.30781749;31.63294997;45.6814857;1
30.18798178;43.29106336;39.5712053;0
34.02312094;85.7947061;37.86610248;1
17.12796648;44.01186988;11.85128318;1
22.63174743;89.16868532;33.48900412;1
25.8555928;53.9661319;78.32141103;0
29.17480065;32.54147428;71.14889034;0
16.36946237;82.37980643;33.05646469;1
19.20072293;52.22487612;51.14567835;0
23.30442923;69.67699405;69.31077219;0
44.14598073;88.85981082;40.88920357;1
24.94041021;23.51227452;11.25705046;1
29.46123174;26.76861919;15.21573233;1
20.88293138;70.4319719;45.72749049;0
33.32340213;39.72775023;77.8607563;0
23.42049647;32.90109779;58.52466796;0
21.20977735;22.75533159;14.9641334;1
30.49717885;21.52926984;23.25526131;1
15.16517397;74.21399222;63.99262003;0
15.22992098;29.41033992;68.9007832;0
21.57206427;52.74044312;53.23862103;0
16.10164088;62.41277706;55.10962187;0
18.24077262;49.98462604;11.98362153;1
25.16581948;21.89746566;67.99711817;0
39.07757039;74.84510518;65.17926457;0
32.1614593;20.73592572;28.13246009;1
30.38003178;73.33229261;59.6073704;0
23.8046647;82.53131457;25.03982245;1
42.95261158;50.29879447;12.82311127;1
26.91045124;57.48797312;24.07955798;1
17.612783;53.38883748;22.50402137;1
33.51199548;47.2446033;33.64235977;1
18.4151518;82.11971748;39.2914648;0
25.35669428;82.57534575;45.5977224;0
30.22235816;43.50714552;43.37277129;0
41.22667574;63.05488278;28.94722242;1
29.80639741;84.88352935;12.0419468;1
36.06776298;87.34409493;52.35711356;0
44.78450517;55.62713283;37.70213809;1
18.9446736;51.69773637;30.90705102;1
23.24194577;39.50860211;70.685873;0
26.83728227;87.12103112;62.27203155;0
27.65484536;29.99700131;70.04358839;0
27.33063226;60.58807032;44.64879563;0
42.22833008;39.77851873;19.16518765;1
36.42097933;39.53058032;58.73550053;0
33.23715642;48.34780112;24.4251646;1
24.28118154;89.91550551;40.88607684;0
39.71371153;23.84764148;14.55005523;1
43.65181534;60.49792727;67.77158817;0
39.63594848;25.78005106;18.81584487;1
15.04695316;30.8164581;73.21682549;0
34.09204111;50.76940592;70.49614216;0
16.53406144;55.73220919;42.52079351;0
22.72821661;38.11546859;62.1057743;0
16.78574101;42.15199916;53.36115517;0
33.11386359;26.08769142;66.21529496;0
35.5976974;41.22538487;40.22635706;1
18.43462914;87.65909076;65.0065939;0
26.51516649;86.12951672;42.37197719;0
28.68709527;43.44148031;75.86760515;0
26.07159065;59.95977554;44.04604706;0
18.63075001;83.67167738;42.38334904;0
27.56843371;20.43286758;64.95503031;0
37.53534143;76.74784992;67.51043842;0
17.13022994;86.3858687;48.814238;0
17.40540042;26.3928014;22.58584694;1
25.64313876;31.30133802;42.74307617;0
43.25177135;87.25224119;77.7650752;0
35.0571794;57.62781005;62.70903351;0
35.3600987;20.99376441;66.78138227;0
25.85759973;38.03423991;12.29778492;1
32.80982374;51.4960572;42.75016238;1
15.30393552;68.50362377;55.26347936;0
34.08288139;71.32122647;68.10228785;0
42.39860843;89.6795059;13.44915575;1
33.37720405;40.12578396;69.67072199;0
41.2109578;57.67540713;48.38806557;1
36.71919166;57.33264835;23.81197794;1
18.61675249;48.39516816;32.20786515;1
42.07359922;31.84133257;29.73506862;1
16.99331533;88.42195942;47.1601324;0
31.01902418;79.73220307;13.61799759;1
19.26411371;54.88331198;21.09753109;1
15.35119832;62.22717959;66.88851304;0
27.6610278;35.90827375;19.28227935;1
23.85122123;58.06509493;26.33773886;1
29.58001481;68.64790932;41.73594239;0
32.3159966;56.06169199;46.19846217;1
16.31217217;89.31996194;63.45273357;0
18.69009885;62.79391594;41.31326987;0
31.75927189;45.96815988;65.29052347;0
25.2950206;74.05064193;53.28424149;0
36.87520463;31.93237581;17.91698176;1
34.56874946;46.91610696;20.94320069;1
40.36813089;44.28712653;40.59236078;1
35.7747848;50.22649666;37.78225752;1
27.89793232;74.72458782;62.04809887;0
35.18899867;53.89211225;50.65159979;0
23.26143523;75.58101152;37.16931567;0
24.18940496;60.35422322;21.95321984;1
38.6695548;43.94486043;25.87859716;1
28.39258549;76.69851206;50.28507129;0
38.95141022;36.68027694;39.64071634;1
39.67267121;35.70680859;46.04492562;1
40.72687013;55.31520468;21.94742047;1
42.49905708;38.25944722;56.40343766;0
27.92955662;20.63609245;69.67771186;0
24.56600455;65.38082691;28.05576548;1
32.4659624;55.7765675;44.40599581;1
26.1351727;51.18624701;78.28691303;0
33.032225;87.68779602;33.32692184;1
36.16757588;59.98394288;51.65324414;0
35.65215055;80.44021045;16.31369901;1
26.23658661;29.76151653;52.42105017;0
20.00580605;59.84445242;16.27422413;1
27.91588015;80.75857387;77.14648047;0
19.27782432;60.81740301;60.09638565;0
41.70291106;70.26099247;65.17118517;0
25.37632382;46.04304975;59.28730525;0
19.63379242;26.47146619;51.28103253;0
15.7634328;52.05302066;41.49389468;0
34.37467159;47.61355736;70.08613658;0
34.10706952;80.69421277;76.97849673;0
25.218125;37.07967116;44.9325321;0
17.15135667;87.67139593;75.20745344;0
27.28886685;87.06966839;50.8333037;0
24.33652485;37.33421502;47.68689308;0
35.31361919;44.36363688;41.81379131;1
33.17337748;82.68890186;24.65014331;1
25.93781185;87.66355546;10.26037626;1
21.53677663;51.0407372;26.90543588;1
44.64107898;42.46979319;45.68062201;1
28.62004864;56.82658093;36.59719666;0
35.64822707;68.14384445;41.39396596;1
19.21658903;39.14321608;78.64537537;0
29.56769099;71.55312222;34.51906595;1
15.8261016;23.616015;41.65280576;0
30.16365354;23.45061449;19.34608859;1
43.92052221;47.04013936;13.35704127;1
26.52620139;44.74312344;64.27866602;0
16.16988038;42.09432508;49.94782226;0
15.92867373;54.37138339;63.24933642;0
26.6396028;42.45135076;20.49039592;1
19.80074809;33.45805429;50.02801398;0
15.70056289;41.66286844;27.7549732;1
37.68640842;88.2432991;25.96432718;1
28.75569027;48.77793919;10.80682098;1
23.67734316;51.12989438;19.12385065;1
42.00249549;60.3581493;31.6487678;1
18.48416881;88.83385379;18.18151324;1
43.67756487;36.91208935;79.01009083;0
24.41900152;67.68974774;31.6042854;1
41.65211017;70.11892855;19.12267627;1
33.08828629;62.51270918;23.9357619;1
39.80122079;26.20048377;51.13922598;0
44.5203949;67.38105931;14.48304667;1
23.65216313;24.48662977;70.37038911;0
43.83406456;61.72998547;77.30497755;0
26.68445685;71.77068241;27.27231945;1
26.56535714;34.76789234;41.5066688;0
25.21161313;78.91354053;11.54941157;1
31.24222822;22.12476639;54.84971573;0
19.6243513;79.06690046;38.97482406;0
31.61134456;52.22303354;28.90409263;1
31.25114437;35.2311558;24.47859774;1
37.85705438;29.36447015;55.78161544;0
40.00949886;86.73150173;39.13519217;1
28.21324051;25.08659113;22.57615023;1
24.06999748;33.9365394;58.2376357;0
22.78004692;44.34756432;49.55505981;0
20.8387151;63.41643943;70.10704385;0
16.72942747;58.13607597;18.22331292;1
25.27343937;28.79504447;64.99666214;0
23.10743076;40.28095886;57.14617508;0
43.99252158;36.71262398;18.05076558;1
31.73126479;34.94799981;58.63745109;0
25.41831117;48.78010355;40.90831022;0
32.41402803;69.28220168;76.14893499;0
19.17590104;35.22170526;19.91279454;1
28.32131248;45.66752158;54.99833736;0
33.78702964;47.36421988;36.73860318;1
29.66693495;88.35195706;76.97702694;0
27.05336402;86.82664498;33.09824267;1
44.81545167;76.00963079;77.35301366;0
41.40944286;36.91612446;73.10400958;0
33.70217874;24.76261199;28.92682647;1
32.08132084;42.18328964;66.24792438;0
33.61981439;38.67561846;79.69229413;0
21.03936323;55.41480601;27.68641015;1
26.8541323;74.4409537;40.57440185;0
16.18378599;80.08260572;46.41265156;0
29.26638112;79.14048598;30.64517951;1
31.29073752;45.17728929;11.06853878;1
21.83249208;68.10640404;25.40904709;1
43.92086541;41.89839383;29.7355819;1
42.28363833;24.26338803;41.05197909;1
36.66429706;69.10956859;21.97717349;1
31.00159886;20.68792868;71.12780497;0
41.09907479;48.64278112;59.34377929;0
18.91957031;43.05654885;15.96403343;1
38.71529383;68.5364277;55.50647158;0
18.74462442;73.63718309;55.75595335;0
38.82631988;41.28662452;76.93548216;0
23.27302705;76.81389101;10.21146099;1
41.31271743;40.57417324;27.35527149;1
43.32126281;51.2428452;74.94540356;0
19.46387908;70.89129689;75.24937408;0
28.88026815;68.50441605;60.44104936;0
44.42962134;89.11579306;63.60343247;0
29.50222308;35.7612717;16.40380706;1
40.90642568;66.36225395;45.97130843;1
32.66194566;62.67773358;26.21080939;1
26.25989724;84.05689181;22.68526305;1
23.57350667;30.94534992;66.72123094;0
21.09669273;72.62587145;19.45266957;1
37.85394574;59.77880314;42.80561459;1
26.5962152;39.22661089;75.70047677;0
30.33826387;53.21044399;23.00824389;1
29.7697644;43.36436179;78.45953966;0
32.31837088;60.5519382;79.600159;0
40.96731437;82.23004276;48.89320083;1
44.42218031;59.85134891;21.90999181;1
27.22752626;64.22056928;32.12734216;1
39.82556766;56.3123493;39.71449829;1
37.93583384;23.58158545;31.65269571;1
32.20586854;36.30009898;29.64449059;1
43.68141431;54.44012106;78.05607965;0
21.01423547;41.71646986;20.73553792;1
18.27792631;32.72345184;61.33295361;0
40.61885901;55.28929893;10.02872026;1
28.1744945;42.59668554;51.73278686;0
40.40906563;38.06753502;74.11601028;0
41.79270616;52.47897922;30.15538659;1
16.87372781;29.32989807;22.98681827;1
41.50394289;84.94220132;55.61758564;0
28.44957166;80.73914685;59.88209851;0
30.31297467;69.533441;58.16213633;0
33.79777533;27.43496793;32.3521816;1
42.7914782;74.31140781;27.65416815;1
15.57348283;76.55701297;76.914316;0
29.30530405;73.74352324;74.63096558;0
35.63166127;27.9776121;42.01216269;1
36.68120873;65.07355699;69.23357063;0
35.77597295;78.4027357;41.66264343;1
19.03305388;60.41473809;39.70723127;0
23.98186765;65.24851627;20.97340633;1
25.76146576;52.08544356;39.84842395;0
39.13311623;57.00951239;47.6191857;1
23.36279617;22.40638008;11.57530292;1
21.32114892;64.72741154;41.08791036;0
43.72344057;25.7013049;64.69493529;0
15.26589855;50.4510216;57.60322395;0
44.93462567;40.48585684;54.46098922;0
35.30463897;58.17995651;73.66887999;0
39.85407898;29.33914349;11.26224069;1
23.83858189;68.41503814;48.99333103;0
15.42945833;75.65080758;65.11441939;0
37.13608556;31.43481148;47.89347679;1
40.02433791;27.30191611;32.67268868;1
37.21428396;30.1860838;19.53753956;1
19.28550862;81.39892933;72.12941503;0
37.60283767;56.97324832;42.95336747;1
38.06768346;52.70826972;71.46806379;0
34.75621547;27.46982734;51.00964857;0
37.98347798;65.46892047;57.19344816;0
40.37764319;80.75997143;66.29828081;0
33.40812343;77.97301085;56.14088812;0
17.65814142;63.82382963;37.86383885;0
29.62883429;25.26951017;45.95433688;0
17.32948004;27.8677919;66.21318673;0
27.22629093;23.4516291;36.15552075;0
27.21319467;38.02354515;37.16850197;0
16.98029532;29.4963027;16.69830812;1
25.46461602;38.20336282;74.02091047;0
18.32994296;46.9540639;16.37254205;1
39.2470563;86.00879488;55.37464242;0
43.43064078;62.72632418;38.92361352;1
17.16949426;78.448165;38.39335732;0
43.65345622;69.72460505;57.56862856;0
30.67729798;27.87521914;14.69656128;1
23.98697034;71.51442845;51.55940481;0
17.30586226;39.25692171;64.04222502;0
30.01872804;64.73754929;67.97489305;0
38.83546633;43.86733816;21.93712726;1
36.21259432;89.83705843;72.81933351;0
16.50678034;38.44860356;55.93022643;0
17.18705506;39.53913295;71.72983606;0
27.08619848;85.14705789;43.9696502;0
23.85871482;21.72510832;47.94233416;0
21.97152969;68.76822915;74.33267939;0
23.43013497;70.77284735;72.99366803;0
39.1044823;78.54650042;41.37126114;1
42.87684161;88.21075174;29.20888421;1
27.15308084;88.29213434;37.52193042;0
42.18333006;24.56937303;37.143503;1
24.64487104;77.52875259;30.08068125;1
29.29310959;65.24169536;28.8005723;1
21.78086993;65.31394941;70.27440555;0
34.21428127;28.98449486;14.89033445;1
44.36943346;65.51310165;57.43278275;0
33.10479288;88.77378064;22.0974036;1
25.73442252;83.82729987;34.11541254;1
34.43452338;50.73914626;14.30801239;1
18.68762035;22.79635813;28.89815458;1
41.65977241;45.3605443;63.78947498;0
30.09251852;77.84732181;71.95107272;0
28.48049226;69.1049371;25.50690063;1
32.57594365;52.15405589;42.44834875;1
33.74351588;23.85710746;42.92268336;1
17.15327419;49.88263095;71.1502714;0
35.47851664;52.83174578;63.3959337;0
22.25795041;84.9988873;45.91540529;0
36.41857898;64.87602725;56.95230403;0
39.67604383;41.81570417;69.31485377;0
39.11875523;56.77227851;10.66772678;1
31.57502902;24.62387155;38.20230217;0
30.60509677;88.0797765;73.50702171;0
19.28627884;45.20419314;61.82191216;0
38.26038451;53.45071484;47.9988962;1
23.14228141;44.8698782;47.07511689;0
29.90086268;67.77582111;34.34390683;1
23.52822279;66.35625108;46.43643735;0
19.01485089;70.07256174;55.87682396;0
33.88673091;38.77002607;39.28541269;1
16.62996104;42.09679368;59.99072025;0
37.45935702;28.76758618;70.28625591;0
24.52760386;65.88569803;20.82793937;1
15.00404079;22.78579891;41.6082916;0
30.33387418;61.83776349;38.56140639;0
16.40555726;80.87871194;58.12253628;0
23.28508673;82.35825038;27.49072257;1
36.20929462;51.43264323;54.81756405;0
16.88068865;52.15125817;71.42424692;0
40.18015477;25.38784281;39.26921199;1
15.11459768;66.95355178;73.771099;0
22.40471608;77.48815943;79.52146173;0
37.22712168;37.12585382;17.4264435;1
24.48810449;49.49106171;26.31372316;1
18.05677164;78.71875357;76.5265826;0
25.80701756;81.39843274;77.08293805;0
23.11179859;37.02259862;16.83950928;1
40.28135706;58.53994442;11.04989503;1
24.40043753;33.47452054;21.27700163;1
38.66797415;27.13151349;79.72089484;0
41.75616434;83.7784351;22.59997316;1
28.01452259;77.4355253;45.17833247;0
42.29829432;73.20244313;69.38924085;0
26.31954162;23.41364232;11.42811275;1
43.92235249;79.06101549;52.31422876;0
17.67868574;50.66308531;29.39178142;1
35.610578;43.96765863;70.36344415;0
29.81442121;58.25334527;29.84228045;1
26.62946416;26.39472699;58.07290042;0
33.98135636;72.96525845;57.19537427;0
36.11571275;60.77045538;25.50454842;1
15.13089809;33.06130678;12.43594399;1
20.00859266;33.17625398;38.64747016;0
36.39138152;32.89740561;30.24352064;1
34.99156241;23.99016713;66.62844247;0
43.98142515;61.14589146;66.02549319;0
37.83113371;78.82437243;41.99167665;1
43.52318123;21.22487498;52.45585577;0
36.07621505;23.43032515;52.29816612;0
23.94156626;60.09391937;67.90107039;0
18.16094767;77.36469798;39.75016899;0
38.4547159;42.87172234;29.28126759;1
34.32447664;44.47300792;28.55244427;1
16.44558037;61.74425482;47.53345955;0
25.80151398;39.19490224;41.44037419;0
43.70399446;21.86258563;40.80845397;1
30.01203437;71.46599627;16.37961374;1
27.98187408;63.79549391;60.30226185;0
28.73098815;60.65291993;24.96156816;1
21.26648172;71.91788903;23.78675411;1
26.06121513;67.26615863;38.89308242;0
26.09439768;34.41173917;25.94448391;1
16.57065061;44.67367329;50.87007871;0
38.02702886;28.82770992;36.00243375;1
27.49513296;29.08999094;41.42382058;0
39.6653966;67.33370224;47.60185251;1
40.51044003;80.10200749;24.24748657;1
21.35982164;87.39128087;20.9026136;1
34.72060447;63.98429823;71.6295332;0
29.16845412;32.88709264;40.3606592;0
41.40470214;27.39552418;38.84655267;1
21.47222038;76.89956801;12.49285052;1
35.33439601;60.51295335;44.85834118;1
33.23256367;63.27995147;48.79188051;1
23.85904433;74.70234621;49.11886097;0
19.09802711;69.22940594;59.49218185;0
34.54919281;78.4120777;22.42372845;1
37.15792374;23.93497338;27.6556194;1
24.46882031;72.32644457;66.75113257;0
34.34497812;79.55969301;76.30194318;0
26.85392723;40.02945297;19.51529232;1
36.3962065;64.83130918;44.83546882;1
20.97645825;41.99134447;24.99233769;1
41.70645008;87.05797465;14.20512178;1
23.62228789;22.33965007;32.78523367;1
26.03357963;60.58549907;20.05813376;1
16.74275856;31.65524829;59.69531514;0
18.34536637;69.85541436;47.36077896;0
30.47585708;32.31231984;20.06841297;1
23.0277803;36.47682833;10.64691119;1
40.06440677;54.60595677;66.57099343;0
15.44080166;84.0384465;22.33360843;1
26.37282146;34.82000605;52.43516496;0
25.1203664;30.09680148;33.58453392;1
15.57982893;73.12837823;50.98401568;0
18.73105197;55.04336726;32.09575389;1
27.40928025;83.82495787;16.08576925;1
29.78593753;30.263019;25.6065006;1
27.12869242;65.21495251;23.16409965;1
30.92813035;36.30154023;39.96135467;0
32.85395025;30.97323001;56.07986484;0
15.29771463;67.84005906;28.46642525;1
28.92285478;61.55792339;10.84489547;1
43.90497723;72.83792209;46.3256155;1
30.5709684;41.66238035;52.40316426;0
35.32626802;51.35801595;77.40093458;0
24.35591574;48.38301734;51.26295622;0
38.21974134;88.88626248;42.98207916;1
38.18764446;40.45742697;50.13811381;0
30.63888143;40.63720668;74.95304409;0
44.2804147;44.81837462;67.98647019;0
18.76650644;59.52158569;32.60851134;1
15.50842995;37.6625921;26.60780546;1
38.10474635;84.07029583;28.38435287;1
39.21466612;38.59798954;45.30947278;1
18.60621687;82.70710121;62.08346159;0
22.96748499;27.24325446;45.2253445;0
15.5265709;65.95938917;14.74574771;1
23.79925832;83.48898629;60.65064903;0
38.19425622;31.81246069;66.41790901;0
30.53881583;87.78288721;30.26485056;1
25.4428678;51.70183523;56.48880175;0
26.15217885;86.20005759;39.86143307;0
15.04060877;67.37740305;72.2383549;0
23.99401583;41.11108089;69.16578907;0
34.39376225;33.18117674;46.78023988;1
44.22583331;41.26145324;58.40538821;0
40.41182481;26.51121865;71.83447907;0
15.70784894;30.07075764;44.70019071;0
41.95681814;27.32623082;31.92755183;1
38.4959524;49.60604806;62.75662965;0
38.41128371;75.69048634;25.40463783;1
28.73987277;29.8968488;37.19718036;0
26.94015879;29.12243032;70.6009066;0
24.08747186;65.04002647;60.70956382;0
16.97084577;33.80280874;38.26677037;0
21.8470609;26.83270267;25.03211517;1
22.39810905;31.67940047;34.91778736;1
29.52231209;84.66119771;29.88729045;1
37.4233322;77.50298769;22.32625016;1
29.21429485;44.78451936;62.03330395;0
16.73533348;65.90745371;27.64489208;1
43.73369403;57.60929716;41.79172291;1
43.28172957;67.39869844;37.01016128;1
38.55568629;67.78698067;78.7454165;0
44.73983705;64.01138105;37.37645709;1
31.33446998;38.6270958;15.5987738;1
43.88305051;22.73044945;16.28780268;1
17.26815122;51.88967474;51.35276049;0
25.97042245;82.36817193;51.95544862;0
21.76143804;59.8648081;39.31312933;0
20.87499252;78.26737292;40.22905846;0
19.22408847;89.41370401;13.7752808;1
33.67240925;31.45313429;46.15825573;1
38.43965567;68.42443474;45.33176328;1
32.34895198;67.20055016;20.4684523;1
19.40888129;88.59688132;17.26875703;1
39.3337131;88.99205138;18.65007434;1
34.07864121;68.06750282;17.07197725;1
26.64497118;37.05303544;52.67957369;0
35.22390887;75.89890867;23.75378567;1
22.79714938;27.49203939;27.60011065;1
25.35576625;74.64895129;22.15005009;1
42.52457529;83.71372869;77.04847131;0
23.71513517;46.79833763;69.82322242;0
29.09964804;64.14447065;26.13463861;1
41.70423412;50.10999125;32.92964057;1
36.23164051;50.64355385;24.69249896;1
16.86609678;41.72596224;44.43131716;0
19.41909133;73.34907343;11.37273727;1
15.23524772;85.53235949;56.99576062;0
33.92765371;85.85256015;46.62107049;1
28.43020276;32.23468994;72.90472498;0
19.02824553;81.23205548;21.5074879;1
43.73802363;71.6202009;66.28764722;0
30.88979172;37.69861805;65.43727101;0
22.25679882;24.7099229;18.90268325;1
30.01810713;38.75980868;37.89914569;0
35.38860998;83.85457657;21.91068488;1
17.28717654;64.32250724;27.83043503;1
23.24111445;70.47382626;28.42723224;1
39.20896473;38.00066458;48.93654758;1
28.78994611;70.35717089;38.79876522;0
31.39731426;21.96850544;76.34129628;0
27.98448007;46.2724942;18.84590994;1
16.31699828;63.8727344;78.15844944;0
19.97249339;30.22675959;26.14470481;1
28.36624916;77.61025021;64.10117555;0
21.27556396;36.45219092;33.72789483;1
16.49937086;65.6596779;20.01569768;1
40.30948992;48.36379998;70.05224297;0
44.43577587;61.72305168;31.62026295;1
38.79428622;27.52153868;56.1198783;0
40.61354765;21.18389599;49.65105796;1
22.25931391;83.66950992;43.02294166;0
43.81880927;38.87410061;44.70736309;1
20.90777113;77.37739019;61.25665399;0
43.54289431;89.95452103;16.14410399;1
44.84457882;34.80018806;56.77264634;0
36.35168417;38.56195188;72.7068471;0
44.43431195;66.40018513;14.04517379;1
32.08619339;87.58140442;19.84573375;1
22.7862535;84.10700437;60.16423557;0
28.10987657;55.2012864;40.60971538;0
32.80682806;75.65771978;38.24840346;1
17.19244686;29.50220972;19.58766442;1
33.67029794;88.42067289;45.47390285;1
44.4353351;87.50472638;18.85817178;1
20.70322949;31.46102705;43.36343194;0
38.77785349;40.95961874;63.45307093;0
42.23696381;27.01084983;28.07850505;1
43.31104778;39.02023192;43.65503177;1
43.80406813;77.11690526;79.44111786;0
30.64378916;46.4820925;58.06552963;0
44.31923724;26.1877877;68.89497399;0
37.71930621;43.95578673;39.03933246;1
19.85014309;88.6968334;63.75026462;0
29.30700319;64.07785167;12.83564211;1
36.54993526;49.13126625;18.60378278;1
22.42020947;31.65769594;24.2149415;1
34.21845551;89.03237581;38.13663472;1
34.99801437;77.45943065;69.20214148;0
19.88099231;39.70341117;34.23862356;1
31.95255937;24.9048087;55.82348355;0
38.14880733;23.96378902;59.65200064;0
29.96686994;28.42647047;51.03276479;0
15.3630935;60.65380085;35.00693777;0
15.27115407;85.01343948;50.39373392;0
25.71088032;54.77203996;33.9585915;1
42.78582205;79.00618377;15.8711617;1
21.86030339;51.21206339;79.49627847;0
34.03091067;69.6008482;18.90277175;1
21.66227612;71.23109161;15.06438687;1
24.65009969;32.17745941;71.49715244;0
40.44126269;45.28512413;31.12842626;1
36.86584327;64.61115096;55.52078819;0
17.86197832;24.94876257;33.03040108;1
27.86106063;45.30781314;37.40179896;0
15.87509291;57.43596264;28.34790804;1
29.4267044;89.73571451;34.01308041;1
34.87302035;53.21734938;38.74902804;1
18.55507871;77.123973;60.42912484;0
23.66654817;50.24470995;45.8075336;0
26.93509877;75.74735058;76.0495652;0
42.58593074;61.67903611;12.93162757;1
44.79765046;82.06168091;45.21478258;1
16.34733897;48.76597866;50.89573522;0
37.8302377;62.30130939;74.41378903;0
26.15172199;64.10130764;13.44109665;1
26.77374559;49.21680593;50.14497095;0
37.6279492;30.10184306;69.754095;0
42.55279296;26.54915848;26.93494097;1
43.52785784;21.16700854;71.3404644;0
32.31367758;81.1473985;11.33303865;1
25.71363478;36.55324386;61.27182404;0
38.62647258;34.80547245;75.31792548;0
22.5300415;71.52247803;56.00383631;0
31.92222087;42.40112792;40.73204708;0
25.75735385;55.42312847;13.14167115;1
34.69893221;31.37577457;74.40796693;0
22.21196739;87.1822005;42.92073559;0
20.74778837;79.610698;12.0297721;1
42.5471726;80.46527361;58.28747499;0
18.05411049;48.4741624;43.72860775;0
30.17873723;73.36528496;18.70417222;1
21.62558349;30.07133088;24.99902665;1
16.1678989;20.60333018;14.51434763;1
16.08056455;21.39810528;50.20054778;0
20.25665316;61.06212162;53.54206355;0
41.00311064;51.87764337;45.40196088;1
23.47436232;56.26107442;67.19714931;0
43.51377512;20.52241983;70.27061749;0
32.44866879;49.58806338;53.09370777;0
28.09842569;70.26477128;10.89295358;1
32.40266504;50.98855914;58.6660759;0
30.50095156;71.25534444;39.25994518;0
37.76328761;36.31132751;49.58902383;1
23.47488198;76.91994031;55.43564214;0
25.59151175;61.19018683;34.516563;1
41.82282908;34.75341696;74.19689536;0
43.39369539;36.57043331;19.37824067;1
41.77674682;63.96213252;57.00582651;0
27.58343982;78.09577152;10.3051706;1
38.41096509;49.09394474;74.72557738;0
29.290072;38.08103004;17.87528933;1
29.92619556;80.69081248;16.64189611;1
21.14040327;66.84878042;33.31053431;1
32.7339091;51.36598411;36.14964002;1
20.58407693;54.15301367;25.00100506;1
24.94694097;34.29795276;50.95851626;0
40.65090605;63.8761841;41.00398686;1
21.21227428;45.11197574;12.39229123;1
17.13474856;89.69516237;32.37564436;1
17.07022778;53.61284607;66.73030395;0
43.22353562;54.01199243;58.27910744;0
30.20761314;59.60962512;60.74095975;0
27.28236215;84.17292022;58.86818469;0
39.32635743;76.05726699;31.7681115;1
40.07477784;51.57910489;16.97647455;1
24.96573099;70.30894862;29.07270288;1
35.80854172;61.03648491;68.22497101;0
38.13368448;54.46569341;78.63295584;0
34.63952061;33.46210409;44.56929103;1
19.54785224;52.47553844;10.67902484;1
41.27649251;37.20730109;19.80313685;1
31.17283658;84.03895049;32.54564027;1
23.47417279;43.47847694;50.5009744;0
27.75684556;86.65848102;15.25655521;1
16.12713271;57.31387031;76.03501091;0
18.83600404;64.20810651;35.55585713;0
37.96640252;58.00583111;73.88089525;0
15.00034904;29.05664319;64.63652619;0
27.49697485;46.30748533;62.88060908;0
30.67530543;26.94022786;52.47037058;0
16.6390326;63.60678309;53.87486719;0
44.19234489;51.28119366;54.66022647;0
21.78375994;74.45894801;54.01049709;0
24.12596159;35.43293367;48.7609762;0
24.11827537;31.51962409;79.04898129;0
21.91249986;48.44325617;61.26033972;0
15.04421466;84.86097683;64.38624719;0
36.88034382;69.72952705;71.07239706;0
44.00536499;49.32465374;25.09478339;1
21.7288045;56.20905188;15.86629114;1
34.89141575;25.89491078;43.80261056;1
37.25688981;88.92031275;45.98564869;1
40.45276137;66.64851133;68.0427246;0
27.67887591;39.97828479;41.06485055;0
24.08792717;61.0065876;49.95971179;0
24.75885402;27.66376562;46.8949657;0
36.37863999;87.60856682;12.67419486;1
39.503384;32.23494915;53.06504276;0
20.44841903;65.36212226;67.96303;0
26.12823024;37.18181238;21.02503837;1
42.0582059;70.22929679;51.60322137;0
39.20080559;74.37749571;51.55273811;0
44.54575208;67.13938102;21.49294748;1
37.62744779;63.01496222;18.64245016;1
26.79585603;82.47283658;78.60363601;0
32.71913502;25.50386977;37.56034188;1
34.83042763;43.1640336;25.91952101;1
17.35367449;37.38012357;21.99271811;1
31.33490877;89.16097734;56.73211995;0
36.27962485;47.25728458;52.66117081;0
20.01963912;71.28288895;55.04864861;0
38.41895152;67.93076147;16.16042193;1
32.51318342;34.84568662;72.54742084;0
43.56665357;36.72983761;37.24864778;1
16.27266895;39.68991945;31.93585845;1
22.95978413;48.77890948;42.36530131;0
33.04661638;36.4027546;37.3046246;1
23.89679737;21.37560379;70.45039022;0
36.43272492;81.55751398;75.04826826;0
37.77015848;87.5926882;31.24172515;1
18.07547892;43.90992709;70.47550652;0
30.41563393;43.69548156;64.70661907;0
30.26671667;20.49642689;75.15653706;0
26.07842311;67.61754818;27.20252185;1
42.98774588;77.7807927;50.38714051;0
39.8251896;30.26258103;29.21812093;1
35.91628146;31.17664446;67.68661433;0
36.42979907;75.3058275;10.37269334;1
28.85148431;63.14035238;49.5373414;0
42.62983563;23.14023903;33.74424019;1
35.83786282;63.57828933;32.5878595;1
36.86943185;41.6242406;55.14344267;0
40.85072711;45.81076088;69.60391145;0
23.22214768;73.88119928;52.6436774;0
39.21212712;76.76546349;69.72210851;0
20.85721809;48.02496388;28.52179783;1
25.36025857;86.30070552;46.36512983;0
25.06831363;48.45239026;41.53755773;0
44.35576405;74.02852247;10.81514297;1
40.69611671;53.87140852;48.97685002;1
36.03509585;82.82726286;56.30670269;0
36.81170285;83.54328706;51.43400831;0
31.86218383;26.11917655;61.53959291;0
43.41272001;85.55453319;49.99376699;1
29.88776259;77.78743891;14.67251784;1
26.4155313;75.39175;18.15118669;1
19.89106011;34.06379378;51.75322043;0
38.58616957;76.35834461;29.24854344;1
37.03331796;79.50929143;15.57515903;1
26.53065116;40.24052341;40.07219204;0
15.75580242;86.65820549;48.80258187;0
40.16991983;23.49021025;33.01221918;1
15.3425395;30.49364773;60.43035916;0
36.11099339;57.63067966;55.06394257;0
44.10771329;60.30547298;33.29728528;1
28.12983984;65.16050583;62.84107702;0
22.04920215;21.18783905;55.40865298;0
36.1461303;87.22567422;54.62117651;0
39.51384426;23.12116649;48.73993906;1
31.39290948;30.01433669;10.79727677;1
44.01105826;20.98101623;58.75550284;0
16.55006165;59.68009033;36.32292538;0
30.14386795;85.25868187;75.98267971;0
36.55361842;66.61630163;67.25893398;0
40.87921413;77.58602279;51.13861287;0
20.37766836;20.92968424;27.65273873;1
39.00010445;57.94107089;24.26021753;1
31.58121227;52.16940843;33.82693864;1
26.89661046;54.9277561;43.35975605;0
18.95145086;25.05492297;30.7245857;1
40.95887277;67.91047527;46.04506468;1
19.71819625;55.22542904;21.57592979;1
24.29363578;73.56041949;78.4398969;0
23.70136596;53.97034438;17.55471885;1
41.14242103;30.45671454;75.23608978;0
